scenario	build	second	cumulative_restarts
sun_realtime	old_exact	1	60
sun_realtime	old_exact	2	120
sun_realtime	old_exact	3	180
sun_realtime	old_exact	4	240
sun_realtime	old_exact	5	300
sun_realtime	old_exact	6	360
sun_realtime	old_exact	7	420
sun_realtime	old_exact	8	480
sun_realtime	old_exact	9	540
sun_realtime	old_exact	10	600
sun_realtime	old_exact	11	660
sun_realtime	old_exact	12	720
sun_realtime	old_exact	13	780
sun_realtime	old_exact	14	840
sun_realtime	old_exact	15	900
sun_realtime	old_exact	16	960
sun_realtime	old_exact	17	1020
sun_realtime	old_exact	18	1080
sun_realtime	old_exact	19	1140
sun_realtime	old_exact	20	1200
sun_realtime	old_exact	21	1260
sun_realtime	old_exact	22	1320
sun_realtime	old_exact	23	1380
sun_realtime	old_exact	24	1440
sun_realtime	old_exact	25	1500
sun_realtime	old_exact	26	1560
sun_realtime	old_exact	27	1620
sun_realtime	old_exact	28	1680
sun_realtime	old_exact	29	1740
sun_realtime	old_exact	30	1800
sun_realtime	old_exact	31	1860
sun_realtime	old_exact	32	1920
sun_realtime	old_exact	33	1980
sun_realtime	old_exact	34	2040
sun_realtime	old_exact	35	2100
sun_realtime	old_exact	36	2160
sun_realtime	old_exact	37	2220
sun_realtime	old_exact	38	2280
sun_realtime	old_exact	39	2340
sun_realtime	old_exact	40	2400
sun_realtime	old_exact	41	2460
sun_realtime	old_exact	42	2520
sun_realtime	old_exact	43	2580
sun_realtime	old_exact	44	2640
sun_realtime	old_exact	45	2700
sun_realtime	old_exact	46	2760
sun_realtime	old_exact	47	2820
sun_realtime	old_exact	48	2880
sun_realtime	old_exact	49	2940
sun_realtime	old_exact	50	3000
sun_realtime	old_exact	51	3060
sun_realtime	old_exact	52	3120
sun_realtime	old_exact	53	3180
sun_realtime	old_exact	54	3240
sun_realtime	old_exact	55	3300
sun_realtime	old_exact	56	3360
sun_realtime	old_exact	57	3420
sun_realtime	old_exact	58	3480
sun_realtime	old_exact	59	3540
sun_realtime	old_exact	60	3600
sun_realtime	new_tolerant	1	0
sun_realtime	new_tolerant	2	0
sun_realtime	new_tolerant	3	0
sun_realtime	new_tolerant	4	0
sun_realtime	new_tolerant	5	0
sun_realtime	new_tolerant	6	0
sun_realtime	new_tolerant	7	0
sun_realtime	new_tolerant	8	0
sun_realtime	new_tolerant	9	0
sun_realtime	new_tolerant	10	0
sun_realtime	new_tolerant	11	0
sun_realtime	new_tolerant	12	0
sun_realtime	new_tolerant	13	0
sun_realtime	new_tolerant	14	0
sun_realtime	new_tolerant	15	0
sun_realtime	new_tolerant	16	0
sun_realtime	new_tolerant	17	0
sun_realtime	new_tolerant	18	0
sun_realtime	new_tolerant	19	0
sun_realtime	new_tolerant	20	0
sun_realtime	new_tolerant	21	0
sun_realtime	new_tolerant	22	0
sun_realtime	new_tolerant	23	0
sun_realtime	new_tolerant	24	0
sun_realtime	new_tolerant	25	0
sun_realtime	new_tolerant	26	0
sun_realtime	new_tolerant	27	0
sun_realtime	new_tolerant	28	0
sun_realtime	new_tolerant	29	0
sun_realtime	new_tolerant	30	0
sun_realtime	new_tolerant	31	0
sun_realtime	new_tolerant	32	0
sun_realtime	new_tolerant	33	0
sun_realtime	new_tolerant	34	0
sun_realtime	new_tolerant	35	0
sun_realtime	new_tolerant	36	0
sun_realtime	new_tolerant	37	0
sun_realtime	new_tolerant	38	0
sun_realtime	new_tolerant	39	0
sun_realtime	new_tolerant	40	0
sun_realtime	new_tolerant	41	0
sun_realtime	new_tolerant	42	0
sun_realtime	new_tolerant	43	1
sun_realtime	new_tolerant	44	1
sun_realtime	new_tolerant	45	1
sun_realtime	new_tolerant	46	1
sun_realtime	new_tolerant	47	1
sun_realtime	new_tolerant	48	1
sun_realtime	new_tolerant	49	1
sun_realtime	new_tolerant	50	1
sun_realtime	new_tolerant	51	1
sun_realtime	new_tolerant	52	1
sun_realtime	new_tolerant	53	1
sun_realtime	new_tolerant	54	1
sun_realtime	new_tolerant	55	1
sun_realtime	new_tolerant	56	1
sun_realtime	new_tolerant	57	1
sun_realtime	new_tolerant	58	1
sun_realtime	new_tolerant	59	1
sun_realtime	new_tolerant	60	1
sun_demo_1dps	old_exact	1	60
sun_demo_1dps	old_exact	2	120
sun_demo_1dps	old_exact	3	180
sun_demo_1dps	old_exact	4	240
sun_demo_1dps	old_exact	5	300
sun_demo_1dps	old_exact	6	360
sun_demo_1dps	old_exact	7	420
sun_demo_1dps	old_exact	8	480
sun_demo_1dps	old_exact	9	540
sun_demo_1dps	old_exact	10	600
sun_demo_1dps	old_exact	11	660
sun_demo_1dps	old_exact	12	720
sun_demo_1dps	old_exact	13	780
sun_demo_1dps	old_exact	14	840
sun_demo_1dps	old_exact	15	900
sun_demo_1dps	old_exact	16	960
sun_demo_1dps	old_exact	17	1020
sun_demo_1dps	old_exact	18	1080
sun_demo_1dps	old_exact	19	1140
sun_demo_1dps	old_exact	20	1200
sun_demo_1dps	old_exact	21	1260
sun_demo_1dps	old_exact	22	1320
sun_demo_1dps	old_exact	23	1380
sun_demo_1dps	old_exact	24	1440
sun_demo_1dps	old_exact	25	1500
sun_demo_1dps	old_exact	26	1560
sun_demo_1dps	old_exact	27	1620
sun_demo_1dps	old_exact	28	1680
sun_demo_1dps	old_exact	29	1740
sun_demo_1dps	old_exact	30	1800
sun_demo_1dps	old_exact	31	1860
sun_demo_1dps	old_exact	32	1920
sun_demo_1dps	old_exact	33	1980
sun_demo_1dps	old_exact	34	2040
sun_demo_1dps	old_exact	35	2100
sun_demo_1dps	old_exact	36	2160
sun_demo_1dps	old_exact	37	2220
sun_demo_1dps	old_exact	38	2280
sun_demo_1dps	old_exact	39	2340
sun_demo_1dps	old_exact	40	2400
sun_demo_1dps	old_exact	41	2460
sun_demo_1dps	old_exact	42	2520
sun_demo_1dps	old_exact	43	2580
sun_demo_1dps	old_exact	44	2640
sun_demo_1dps	old_exact	45	2700
sun_demo_1dps	old_exact	46	2760
sun_demo_1dps	old_exact	47	2820
sun_demo_1dps	old_exact	48	2880
sun_demo_1dps	old_exact	49	2940
sun_demo_1dps	old_exact	50	3000
sun_demo_1dps	old_exact	51	3060
sun_demo_1dps	old_exact	52	3120
sun_demo_1dps	old_exact	53	3180
sun_demo_1dps	old_exact	54	3240
sun_demo_1dps	old_exact	55	3300
sun_demo_1dps	old_exact	56	3360
sun_demo_1dps	old_exact	57	3420
sun_demo_1dps	old_exact	58	3480
sun_demo_1dps	old_exact	59	3540
sun_demo_1dps	old_exact	60	3600
sun_demo_1dps	new_tolerant	1	3
sun_demo_1dps	new_tolerant	2	7
sun_demo_1dps	new_tolerant	3	11
sun_demo_1dps	new_tolerant	4	15
sun_demo_1dps	new_tolerant	5	18
sun_demo_1dps	new_tolerant	6	22
sun_demo_1dps	new_tolerant	7	26
sun_demo_1dps	new_tolerant	8	30
sun_demo_1dps	new_tolerant	9	33
sun_demo_1dps	new_tolerant	10	37
sun_demo_1dps	new_tolerant	11	41
sun_demo_1dps	new_tolerant	12	45
sun_demo_1dps	new_tolerant	13	49
sun_demo_1dps	new_tolerant	14	52
sun_demo_1dps	new_tolerant	15	56
sun_demo_1dps	new_tolerant	16	60
sun_demo_1dps	new_tolerant	17	64
sun_demo_1dps	new_tolerant	18	67
sun_demo_1dps	new_tolerant	19	71
sun_demo_1dps	new_tolerant	20	75
sun_demo_1dps	new_tolerant	21	79
sun_demo_1dps	new_tolerant	22	83
sun_demo_1dps	new_tolerant	23	86
sun_demo_1dps	new_tolerant	24	90
sun_demo_1dps	new_tolerant	25	94
sun_demo_1dps	new_tolerant	26	98
sun_demo_1dps	new_tolerant	27	101
sun_demo_1dps	new_tolerant	28	105
sun_demo_1dps	new_tolerant	29	109
sun_demo_1dps	new_tolerant	30	113
sun_demo_1dps	new_tolerant	31	117
sun_demo_1dps	new_tolerant	32	120
sun_demo_1dps	new_tolerant	33	124
sun_demo_1dps	new_tolerant	34	128
sun_demo_1dps	new_tolerant	35	132
sun_demo_1dps	new_tolerant	36	136
sun_demo_1dps	new_tolerant	37	139
sun_demo_1dps	new_tolerant	38	143
sun_demo_1dps	new_tolerant	39	147
sun_demo_1dps	new_tolerant	40	151
sun_demo_1dps	new_tolerant	41	155
sun_demo_1dps	new_tolerant	42	158
sun_demo_1dps	new_tolerant	43	162
sun_demo_1dps	new_tolerant	44	166
sun_demo_1dps	new_tolerant	45	170
sun_demo_1dps	new_tolerant	46	174
sun_demo_1dps	new_tolerant	47	177
sun_demo_1dps	new_tolerant	48	181
sun_demo_1dps	new_tolerant	49	185
sun_demo_1dps	new_tolerant	50	189
sun_demo_1dps	new_tolerant	51	193
sun_demo_1dps	new_tolerant	52	196
sun_demo_1dps	new_tolerant	53	200
sun_demo_1dps	new_tolerant	54	204
sun_demo_1dps	new_tolerant	55	208
sun_demo_1dps	new_tolerant	56	212
sun_demo_1dps	new_tolerant	57	215
sun_demo_1dps	new_tolerant	58	219
sun_demo_1dps	new_tolerant	59	223
sun_demo_1dps	new_tolerant	60	227
auto_exposure	old_exact	1	60
auto_exposure	old_exact	2	120
auto_exposure	old_exact	3	180
auto_exposure	old_exact	4	240
auto_exposure	old_exact	5	300
auto_exposure	old_exact	6	360
auto_exposure	old_exact	7	420
auto_exposure	old_exact	8	480
auto_exposure	old_exact	9	540
auto_exposure	old_exact	10	600
auto_exposure	old_exact	11	660
auto_exposure	old_exact	12	720
auto_exposure	old_exact	13	780
auto_exposure	old_exact	14	840
auto_exposure	old_exact	15	900
auto_exposure	old_exact	16	960
auto_exposure	old_exact	17	1020
auto_exposure	old_exact	18	1080
auto_exposure	old_exact	19	1140
auto_exposure	old_exact	20	1200
auto_exposure	old_exact	21	1260
auto_exposure	old_exact	22	1320
auto_exposure	old_exact	23	1380
auto_exposure	old_exact	24	1440
auto_exposure	old_exact	25	1500
auto_exposure	old_exact	26	1560
auto_exposure	old_exact	27	1620
auto_exposure	old_exact	28	1680
auto_exposure	old_exact	29	1740
auto_exposure	old_exact	30	1800
auto_exposure	old_exact	31	1860
auto_exposure	old_exact	32	1920
auto_exposure	old_exact	33	1980
auto_exposure	old_exact	34	2040
auto_exposure	old_exact	35	2100
auto_exposure	old_exact	36	2160
auto_exposure	old_exact	37	2220
auto_exposure	old_exact	38	2280
auto_exposure	old_exact	39	2340
auto_exposure	old_exact	40	2400
auto_exposure	old_exact	41	2460
auto_exposure	old_exact	42	2520
auto_exposure	old_exact	43	2580
auto_exposure	old_exact	44	2640
auto_exposure	old_exact	45	2700
auto_exposure	old_exact	46	2760
auto_exposure	old_exact	47	2820
auto_exposure	old_exact	48	2880
auto_exposure	old_exact	49	2940
auto_exposure	old_exact	50	3000
auto_exposure	old_exact	51	3060
auto_exposure	old_exact	52	3120
auto_exposure	old_exact	53	3180
auto_exposure	old_exact	54	3240
auto_exposure	old_exact	55	3300
auto_exposure	old_exact	56	3360
auto_exposure	old_exact	57	3420
auto_exposure	old_exact	58	3480
auto_exposure	old_exact	59	3540
auto_exposure	old_exact	60	3600
auto_exposure	new_tolerant	1	2
auto_exposure	new_tolerant	2	3
auto_exposure	new_tolerant	3	4
auto_exposure	new_tolerant	4	6
auto_exposure	new_tolerant	5	8
auto_exposure	new_tolerant	6	11
auto_exposure	new_tolerant	7	11
auto_exposure	new_tolerant	8	12
auto_exposure	new_tolerant	9	12
auto_exposure	new_tolerant	10	13
auto_exposure	new_tolerant	11	14
auto_exposure	new_tolerant	12	16
auto_exposure	new_tolerant	13	17
auto_exposure	new_tolerant	14	18
auto_exposure	new_tolerant	15	19
auto_exposure	new_tolerant	16	19
auto_exposure	new_tolerant	17	22
auto_exposure	new_tolerant	18	24
auto_exposure	new_tolerant	19	24
auto_exposure	new_tolerant	20	26
auto_exposure	new_tolerant	21	26
auto_exposure	new_tolerant	22	30
auto_exposure	new_tolerant	23	30
auto_exposure	new_tolerant	24	31
auto_exposure	new_tolerant	25	33
auto_exposure	new_tolerant	26	33
auto_exposure	new_tolerant	27	33
auto_exposure	new_tolerant	28	34
auto_exposure	new_tolerant	29	35
auto_exposure	new_tolerant	30	37
auto_exposure	new_tolerant	31	39
auto_exposure	new_tolerant	32	41
auto_exposure	new_tolerant	33	42
auto_exposure	new_tolerant	34	43
auto_exposure	new_tolerant	35	44
auto_exposure	new_tolerant	36	46
auto_exposure	new_tolerant	37	46
auto_exposure	new_tolerant	38	48
auto_exposure	new_tolerant	39	48
auto_exposure	new_tolerant	40	50
auto_exposure	new_tolerant	41	51
auto_exposure	new_tolerant	42	51
auto_exposure	new_tolerant	43	52
auto_exposure	new_tolerant	44	53
auto_exposure	new_tolerant	45	54
auto_exposure	new_tolerant	46	55
auto_exposure	new_tolerant	47	56
auto_exposure	new_tolerant	48	56
auto_exposure	new_tolerant	49	56
auto_exposure	new_tolerant	50	56
auto_exposure	new_tolerant	51	56
auto_exposure	new_tolerant	52	57
auto_exposure	new_tolerant	53	58
auto_exposure	new_tolerant	54	59
auto_exposure	new_tolerant	55	60
auto_exposure	new_tolerant	56	61
auto_exposure	new_tolerant	57	61
auto_exposure	new_tolerant	58	62
auto_exposure	new_tolerant	59	63
auto_exposure	new_tolerant	60	65
