frame	old_full_rebuild_writes	new_static_field_writes	new_movable_field_writes	new_total_writes	camera_shift_cells	car_move_cells
0	98304	0	0	0	0	0
1	98304	0	0	0	0	0
2	98304	0	0	0	0	0
3	98304	0	0	0	0	0
4	98304	0	0	0	0	0
5	98304	0	0	0	0	0
6	98304	1024	1024	2048	1024	0
7	98304	0	0	0	0	0
8	98304	0	0	0	0	0
9	98304	0	0	0	0	0
10	98304	0	0	0	0	0
11	98304	0	0	0	0	0
12	98304	2048	2048	4096	2048	0
13	98304	0	0	0	0	0
14	98304	0	0	0	0	0
15	98304	0	0	0	0	0
16	98304	0	0	0	0	0
17	98304	0	0	0	0	0
18	98304	1024	1024	2048	1024	0
19	98304	0	0	0	0	0
20	98304	0	0	0	0	0
21	98304	0	0	0	0	0
22	98304	0	0	0	0	0
23	98304	0	0	0	0	0
24	98304	3072	3072	6144	3072	0
25	98304	0	0	0	0	0
26	98304	0	0	0	0	0
27	98304	0	0	0	0	0
28	98304	0	0	0	0	0
29	98304	0	0	0	0	0
30	98304	1024	1024	2048	1024	0
31	98304	0	0	0	0	0
32	98304	0	0	0	0	0
33	98304	0	0	0	0	0
34	98304	0	0	0	0	0
35	98304	0	0	0	0	0
36	98304	2048	2048	4096	2048	0
37	98304	0	0	0	0	0
38	98304	0	0	0	0	0
39	98304	0	0	0	0	0
40	98304	0	0	0	0	0
41	98304	0	0	0	0	0
42	98304	1024	1024	2048	1024	0
43	98304	0	0	0	0	0
44	98304	0	0	0	0	0
45	98304	0	0	0	0	0
46	98304	0	0	0	0	0
47	98304	0	0	0	0	0
48	98304	3072	3072	6144	3072	0
49	98304	0	0	0	0	0
50	98304	0	0	0	0	0
51	98304	0	0	0	0	0
52	98304	0	0	0	0	0
53	98304	0	0	0	0	0
54	98304	1024	1024	2048	1024	0
55	98304	0	0	0	0	0
56	98304	0	0	0	0	0
57	98304	0	0	0	0	0
58	98304	0	0	0	0	0
59	98304	0	0	0	0	0
60	98304	2048	2048	4096	2048	0
61	98304	0	0	0	0	0
62	98304	0	0	0	0	0
63	98304	0	0	0	0	0
64	98304	0	0	0	0	0
65	98304	0	0	0	0	0
66	98304	1024	1024	2048	1024	0
67	98304	0	0	0	0	0
68	98304	0	0	0	0	0
69	98304	0	0	0	0	0
70	98304	0	0	0	0	0
71	98304	0	0	0	0	0
72	98304	3072	3072	6144	3072	0
73	98304	0	0	0	0	0
74	98304	0	0	0	0	0
75	98304	0	0	0	0	0
76	98304	0	0	0	0	0
77	98304	0	0	0	0	0
78	98304	1024	1024	2048	1024	0
79	98304	0	0	0	0	0
80	98304	0	0	0	0	0
81	98304	0	0	0	0	0
82	98304	0	0	0	0	0
83	98304	0	0	0	0	0
84	98304	2048	2048	4096	2048	0
85	98304	0	0	0	0	0
86	98304	0	0	0	0	0
87	98304	0	0	0	0	0
88	98304	0	0	0	0	0
89	98304	0	0	0	0	0
90	98304	1024	1024	2048	1024	0
91	98304	0	0	0	0	0
92	98304	0	0	0	0	0
93	98304	0	0	0	0	0
94	98304	0	0	0	0	0
95	98304	0	0	0	0	0
96	98304	3072	3072	6144	3072	0
97	98304	0	0	0	0	0
98	98304	0	0	0	0	0
99	98304	0	0	0	0	0
100	98304	0	0	0	0	0
101	98304	0	0	0	0	0
102	98304	1024	1024	2048	1024	0
103	98304	0	0	0	0	0
104	98304	0	0	0	0	0
105	98304	0	0	0	0	0
106	98304	0	0	0	0	0
107	98304	0	0	0	0	0
108	98304	2048	2048	4096	2048	0
109	98304	0	0	0	0	0
110	98304	0	0	0	0	0
111	98304	0	0	0	0	0
112	98304	0	0	0	0	0
113	98304	0	0	0	0	0
114	98304	1024	1024	2048	1024	0
115	98304	0	0	0	0	0
116	98304	0	0	0	0	0
117	98304	0	0	0	0	0
118	98304	0	0	0	0	0
119	98304	0	0	0	0	0
120	98304	3072	3072	6144	3072	0
121	98304	0	0	0	0	0
122	98304	0	0	0	0	0
123	98304	0	0	0	0	0
124	98304	0	0	0	0	0
125	98304	0	0	0	0	0
126	98304	1024	1024	2048	1024	0
127	98304	0	0	0	0	0
128	98304	0	0	0	0	0
129	98304	0	0	0	0	0
130	98304	0	0	0	0	0
131	98304	0	0	0	0	0
132	98304	2048	2048	4096	2048	0
133	98304	0	0	0	0	0
134	98304	0	0	0	0	0
135	98304	0	0	0	0	0
136	98304	0	0	0	0	0
137	98304	0	0	0	0	0
138	98304	1024	1024	2048	1024	0
139	98304	0	0	0	0	0
140	98304	0	0	0	0	0
141	98304	0	0	0	0	0
142	98304	0	0	0	0	0
143	98304	0	0	0	0	0
144	98304	3072	3072	6144	3072	0
145	98304	0	0	0	0	0
146	98304	0	0	0	0	0
147	98304	0	0	0	0	0
148	98304	0	0	0	0	0
149	98304	0	0	0	0	0
150	98304	1024	1024	2048	1024	0
151	98304	0	0	0	0	0
152	98304	0	0	0	0	0
153	98304	0	0	0	0	0
154	98304	0	0	0	0	0
155	98304	0	0	0	0	0
156	98304	2048	2048	4096	2048	0
157	98304	0	0	0	0	0
158	98304	0	0	0	0	0
159	98304	0	0	0	0	0
160	98304	0	0	0	0	0
161	98304	0	0	0	0	0
162	98304	1024	1024	2048	1024	0
163	98304	0	0	0	0	0
164	98304	0	0	0	0	0
165	98304	0	0	0	0	0
166	98304	0	0	0	0	0
167	98304	0	0	0	0	0
168	98304	3072	3072	6144	3072	0
169	98304	0	0	0	0	0
170	98304	0	0	0	0	0
171	98304	0	0	0	0	0
172	98304	0	0	0	0	0
173	98304	0	0	0	0	0
174	98304	1024	1024	2048	1024	0
175	98304	0	0	0	0	0
176	98304	0	0	0	0	0
177	98304	0	0	0	0	0
178	98304	0	0	0	0	0
179	98304	0	0	0	0	0
180	98304	2048	2048	4096	2048	0
181	98304	0	0	0	0	0
182	98304	0	0	0	0	0
183	98304	0	0	0	0	0
184	98304	0	0	0	0	0
185	98304	0	0	0	0	0
186	98304	1024	1024	2048	1024	0
187	98304	0	0	0	0	0
188	98304	0	0	0	0	0
189	98304	0	0	0	0	0
190	98304	0	0	0	0	0
191	98304	0	0	0	0	0
192	98304	3072	3072	6144	3072	0
193	98304	0	0	0	0	0
194	98304	0	0	0	0	0
195	98304	0	0	0	0	0
196	98304	0	0	0	0	0
197	98304	0	0	0	0	0
198	98304	1024	1024	2048	1024	0
199	98304	0	0	0	0	0
200	98304	0	0	0	0	0
201	98304	0	0	0	0	0
202	98304	0	0	0	0	0
203	98304	0	0	0	0	0
204	98304	2048	2048	4096	2048	0
205	98304	0	0	0	0	0
206	98304	0	0	0	0	0
207	98304	0	0	0	0	0
208	98304	0	0	0	0	0
209	98304	0	0	0	0	0
210	98304	1024	1024	2048	1024	0
211	98304	0	0	0	0	0
212	98304	0	0	0	0	0
213	98304	0	0	0	0	0
214	98304	0	0	0	0	0
215	98304	0	0	0	0	0
216	98304	3072	3072	6144	3072	0
217	98304	0	0	0	0	0
218	98304	0	0	0	0	0
219	98304	0	0	0	0	0
220	98304	0	0	0	0	0
221	98304	0	0	0	0	0
222	98304	1024	1024	2048	1024	0
223	98304	0	0	0	0	0
224	98304	0	0	0	0	0
225	98304	0	0	0	0	0
226	98304	0	0	0	0	0
227	98304	0	0	0	0	0
228	98304	2048	2048	4096	2048	0
229	98304	0	0	0	0	0
230	98304	0	0	0	0	0
231	98304	0	0	0	0	0
232	98304	0	0	0	0	0
233	98304	0	0	0	0	0
234	98304	1024	1024	2048	1024	0
235	98304	0	0	0	0	0
236	98304	0	0	0	0	0
237	98304	0	0	0	0	0
238	98304	0	0	0	0	0
239	98304	0	0	0	0	0
240	98304	3072	3072	6144	3072	0
241	98304	0	0	0	0	0
242	98304	0	0	0	0	0
243	98304	0	0	0	0	0
244	98304	0	0	0	0	0
245	98304	0	0	0	0	0
246	98304	1024	1024	2048	1024	0
247	98304	0	0	0	0	0
248	98304	0	0	0	0	0
249	98304	0	0	0	0	0
250	98304	0	0	0	0	0
251	98304	0	0	0	0	0
252	98304	2048	2048	4096	2048	0
253	98304	0	0	0	0	0
254	98304	0	0	0	0	0
255	98304	0	0	0	0	0
256	98304	0	0	0	0	0
257	98304	0	0	0	0	0
258	98304	1024	1024	2048	1024	0
259	98304	0	0	0	0	0
260	98304	0	0	0	0	0
261	98304	0	0	0	0	0
262	98304	0	0	0	0	0
263	98304	0	0	0	0	0
264	98304	3072	3072	6144	3072	0
265	98304	0	0	0	0	0
266	98304	0	0	0	0	0
267	98304	0	0	0	0	0
268	98304	0	0	0	0	0
269	98304	0	0	0	0	0
270	98304	1024	1024	2048	1024	0
271	98304	0	0	0	0	0
272	98304	0	0	0	0	0
273	98304	0	0	0	0	0
274	98304	0	0	0	0	0
275	98304	0	0	0	0	0
276	98304	2048	2048	4096	2048	0
277	98304	0	0	0	0	0
278	98304	0	0	0	0	0
279	98304	0	0	0	0	0
280	98304	0	0	0	0	0
281	98304	0	0	0	0	0
282	98304	1024	1024	2048	1024	0
283	98304	0	0	0	0	0
284	98304	0	0	0	0	0
285	98304	0	0	0	0	0
286	98304	0	0	0	0	0
287	98304	0	0	0	0	0
288	98304	3072	3072	6144	3072	0
289	98304	0	0	0	0	0
290	98304	0	0	0	0	0
291	98304	0	0	0	0	0
292	98304	0	0	0	0	0
293	98304	0	0	0	0	0
294	98304	1024	1024	2048	1024	0
295	98304	0	0	0	0	0
296	98304	0	0	0	0	0
297	98304	0	0	0	0	0
298	98304	0	0	0	0	0
299	98304	0	0	0	0	0
300	98304	2048	2048	4096	2048	0
301	98304	0	0	0	0	0
302	98304	0	0	0	0	0
303	98304	0	0	0	0	0
304	98304	0	0	0	0	0
305	98304	0	0	0	0	0
306	98304	1024	1024	2048	1024	0
307	98304	0	0	0	0	0
308	98304	0	0	0	0	0
309	98304	0	0	0	0	0
310	98304	0	0	0	0	0
311	98304	0	0	0	0	0
312	98304	3072	3072	6144	3072	0
313	98304	0	0	0	0	0
314	98304	0	0	0	0	0
315	98304	0	0	0	0	0
316	98304	0	0	0	0	0
317	98304	0	0	0	0	0
318	98304	1024	1024	2048	1024	0
319	98304	0	0	0	0	0
320	98304	0	0	0	0	0
321	98304	0	0	0	0	0
322	98304	0	0	0	0	0
323	98304	0	0	0	0	0
324	98304	2048	2048	4096	2048	0
325	98304	0	0	0	0	0
326	98304	0	0	0	0	0
327	98304	0	0	0	0	0
328	98304	0	0	0	0	0
329	98304	0	0	0	0	0
330	98304	1024	1024	2048	1024	0
331	98304	0	0	0	0	0
332	98304	0	0	0	0	0
333	98304	0	0	0	0	0
334	98304	0	0	0	0	0
335	98304	0	0	0	0	0
336	98304	3072	3072	6144	3072	0
337	98304	0	0	0	0	0
338	98304	0	0	0	0	0
339	98304	0	0	0	0	0
340	98304	0	0	0	0	0
341	98304	0	0	0	0	0
342	98304	1024	1024	2048	1024	0
343	98304	0	0	0	0	0
344	98304	0	0	0	0	0
345	98304	0	0	0	0	0
346	98304	0	0	0	0	0
347	98304	0	0	0	0	0
348	98304	2048	2048	4096	2048	0
349	98304	0	0	0	0	0
350	98304	0	0	0	0	0
351	98304	0	0	0	0	0
352	98304	0	0	0	0	0
353	98304	0	0	0	0	0
354	98304	1024	1024	2048	1024	0
355	98304	0	0	0	0	0
356	98304	0	0	0	0	0
357	98304	0	0	0	0	0
358	98304	0	0	0	0	0
359	98304	0	0	0	0	0
360	98304	3072	3072	6144	3072	0
361	98304	0	0	0	0	0
362	98304	0	0	0	0	0
363	98304	0	0	0	0	0
364	98304	0	0	0	0	0
365	98304	0	0	0	0	0
366	98304	1024	1024	2048	1024	0
367	98304	0	0	0	0	0
368	98304	0	0	0	0	0
369	98304	0	0	0	0	0
370	98304	0	0	0	0	0
371	98304	0	0	0	0	0
372	98304	2048	2048	4096	2048	0
373	98304	0	0	0	0	0
374	98304	0	0	0	0	0
375	98304	0	0	0	0	0
376	98304	0	0	0	0	0
377	98304	0	0	0	0	0
378	98304	1024	1024	2048	1024	0
379	98304	0	0	0	0	0
380	98304	0	0	0	0	0
381	98304	0	0	0	0	0
382	98304	0	0	0	0	0
383	98304	0	0	0	0	0
384	98304	3072	3072	6144	3072	0
385	98304	0	0	0	0	0
386	98304	0	0	0	0	0
387	98304	0	0	0	0	0
388	98304	0	0	0	0	0
389	98304	0	0	0	0	0
390	98304	1024	1024	2048	1024	0
391	98304	0	0	0	0	0
392	98304	0	0	0	0	0
393	98304	0	0	0	0	0
394	98304	0	0	0	0	0
395	98304	0	0	0	0	0
396	98304	2048	2048	4096	2048	0
397	98304	0	0	0	0	0
398	98304	0	0	0	0	0
399	98304	0	0	0	0	0
400	98304	0	0	0	0	0
401	98304	0	0	0	0	0
402	98304	1024	1024	2048	1024	0
403	98304	0	0	0	0	0
404	98304	0	0	0	0	0
405	98304	0	0	0	0	0
406	98304	0	0	0	0	0
407	98304	0	0	0	0	0
408	98304	3072	3072	6144	3072	0
409	98304	0	0	0	0	0
410	98304	0	0	0	0	0
411	98304	0	0	0	0	0
412	98304	0	0	0	0	0
413	98304	0	0	0	0	0
414	98304	1024	1024	2048	1024	0
415	98304	0	0	0	0	0
416	98304	0	0	0	0	0
417	98304	0	0	0	0	0
418	98304	0	0	0	0	0
419	98304	0	0	0	0	0
420	98304	2048	2048	4096	2048	0
421	98304	0	0	0	0	0
422	98304	0	0	0	0	0
423	98304	0	0	0	0	0
424	98304	0	0	0	0	0
425	98304	0	0	0	0	0
426	98304	1024	1024	2048	1024	0
427	98304	0	0	0	0	0
428	98304	0	0	0	0	0
429	98304	0	0	0	0	0
430	98304	0	0	0	0	0
431	98304	0	0	0	0	0
432	98304	3072	3072	6144	3072	0
433	98304	0	0	0	0	0
434	98304	0	0	0	0	0
435	98304	0	0	0	0	0
436	98304	0	0	0	0	0
437	98304	0	0	0	0	0
438	98304	1024	1024	2048	1024	0
439	98304	0	0	0	0	0
440	98304	0	0	0	0	0
441	98304	0	0	0	0	0
442	98304	0	0	0	0	0
443	98304	0	0	0	0	0
444	98304	2048	2048	4096	2048	0
445	98304	0	0	0	0	0
446	98304	0	0	0	0	0
447	98304	0	0	0	0	0
448	98304	0	0	0	0	0
449	98304	0	0	0	0	0
450	98304	1024	1024	2048	1024	0
451	98304	0	0	0	0	0
452	98304	0	0	0	0	0
453	98304	0	0	0	0	0
454	98304	0	0	0	0	0
455	98304	0	0	0	0	0
456	98304	3072	3072	6144	3072	0
457	98304	0	0	0	0	0
458	98304	0	0	0	0	0
459	98304	0	0	0	0	0
460	98304	0	0	0	0	0
461	98304	0	0	0	0	0
462	98304	1024	1024	2048	1024	0
463	98304	0	0	0	0	0
464	98304	0	0	0	0	0
465	98304	0	0	0	0	0
466	98304	0	0	0	0	0
467	98304	0	0	0	0	0
468	98304	2048	2048	4096	2048	0
469	98304	0	0	0	0	0
470	98304	0	0	0	0	0
471	98304	0	0	0	0	0
472	98304	0	0	0	0	0
473	98304	0	0	0	0	0
474	98304	1024	1024	2048	1024	0
475	98304	0	0	0	0	0
476	98304	0	0	0	0	0
477	98304	0	0	0	0	0
478	98304	0	0	0	0	0
479	98304	0	0	0	0	0
480	98304	3072	3072	6144	3072	0
481	98304	0	0	0	0	0
482	98304	0	0	0	0	0
483	98304	0	0	0	0	0
484	98304	0	0	0	0	0
485	98304	0	0	0	0	0
486	98304	1024	1024	2048	1024	0
487	98304	0	0	0	0	0
488	98304	0	0	0	0	0
489	98304	0	0	0	0	0
490	98304	0	0	0	0	0
491	98304	0	0	0	0	0
492	98304	2048	2048	4096	2048	0
493	98304	0	0	0	0	0
494	98304	0	0	0	0	0
495	98304	0	0	0	0	0
496	98304	0	0	0	0	0
497	98304	0	0	0	0	0
498	98304	1024	1024	2048	1024	0
499	98304	0	0	0	0	0
500	98304	0	0	0	0	0
501	98304	0	0	0	0	0
502	98304	0	0	0	0	0
503	98304	0	0	0	0	0
504	98304	3072	3072	6144	3072	0
505	98304	0	0	0	0	0
506	98304	0	0	0	0	0
507	98304	0	0	0	0	0
508	98304	0	24	24	0	24
509	98304	0	24	24	0	24
510	98304	1024	1048	2072	1024	24
511	98304	0	24	24	0	24
512	98304	0	24	24	0	24
513	98304	0	48	48	0	48
514	98304	0	48	48	0	48
515	98304	0	48	48	0	48
516	98304	2048	2102	4150	2048	54
517	98304	0	48	48	0	48
518	98304	0	72	72	0	72
519	98304	0	72	72	0	72
520	98304	0	72	72	0	72
521	98304	0	72	72	0	72
522	98304	1024	1096	2120	1024	72
523	98304	0	96	96	0	96
524	98304	0	96	96	0	96
525	98304	0	96	96	0	96
526	98304	0	96	96	0	96
527	98304	0	120	120	0	120
528	98304	3072	3192	6264	3072	120
529	98304	0	108	108	0	108
530	98304	0	96	96	0	96
531	98304	0	96	96	0	96
532	98304	0	120	120	0	120
533	98304	0	120	120	0	120
534	98304	1024	1120	2144	1024	96
535	98304	0	96	96	0	96
536	98304	0	96	96	0	96
537	98304	0	120	120	0	120
538	98304	0	120	120	0	120
539	98304	0	96	96	0	96
540	98304	2048	2144	4192	2048	96
541	98304	0	120	120	0	120
542	98304	0	120	120	0	120
543	98304	0	96	96	0	96
544	98304	0	96	96	0	96
545	98304	0	96	96	0	96
546	98304	1024	1129	2153	1024	105
547	98304	0	105	105	0	105
548	98304	0	84	84	0	84
549	98304	0	84	84	0	84
550	98304	0	84	84	0	84
551	98304	0	105	105	0	105
552	98304	3072	3144	6216	3072	72
553	98304	0	72	72	0	72
554	98304	0	72	72	0	72
555	98304	0	90	90	0	90
556	98304	0	90	90	0	90
557	98304	0	72	72	0	72
558	98304	1024	1096	2120	1024	72
559	98304	0	72	72	0	72
560	98304	0	90	90	0	90
561	98304	0	90	90	0	90
562	98304	0	72	72	0	72
563	98304	0	72	72	0	72
564	98304	2048	2138	4186	2048	90
565	98304	0	90	90	0	90
566	98304	0	72	72	0	72
567	98304	0	72	72	0	72
568	98304	0	72	72	0	72
569	98304	0	90	90	0	90
570	98304	1024	1114	2138	1024	90
571	98304	0	72	72	0	72
572	98304	0	72	72	0	72
573	98304	0	87	87	0	87
574	98304	0	75	75	0	75
575	98304	0	60	60	0	60
576	98304	3072	3120	6192	3072	48
577	98304	0	48	48	0	48
578	98304	0	60	60	0	60
579	98304	0	60	60	0	60
580	98304	0	48	48	0	48
581	98304	0	48	48	0	48
582	98304	1024	1084	2108	1024	60
583	98304	0	60	60	0	60
584	98304	0	48	48	0	48
585	98304	0	48	48	0	48
586	98304	0	48	48	0	48
587	98304	0	60	60	0	60
588	98304	2048	2108	4156	2048	60
589	98304	0	48	48	0	48
590	98304	0	48	48	0	48
591	98304	0	60	60	0	60
592	98304	0	60	60	0	60
593	98304	0	48	48	0	48
594	98304	1024	1072	2096	1024	48
595	98304	0	48	48	0	48
596	98304	0	60	60	0	60
597	98304	0	60	60	0	60
598	98304	0	48	48	0	48
599	98304	0	48	48	0	48
600	98304	3072	3117	6189	3072	45
601	98304	0	45	45	0	45
602	98304	0	36	36	0	36
603	98304	0	36	36	0	36
604	98304	0	36	36	0	36
605	98304	0	45	45	0	45
606	98304	1024	1081	2105	1024	57
607	98304	0	48	48	0	48
608	98304	0	48	48	0	48
609	98304	0	60	60	0	60
610	98304	0	60	60	0	60
611	98304	0	48	48	0	48
612	98304	2048	2096	4144	2048	48
613	98304	0	48	48	0	48
614	98304	0	60	60	0	60
615	98304	0	60	60	0	60
616	98304	0	48	48	0	48
617	98304	0	48	48	0	48
618	98304	1024	1072	2096	1024	48
619	98304	0	60	60	0	60
620	98304	0	48	48	0	48
621	98304	0	48	48	0	48
622	98304	0	48	48	0	48
623	98304	0	60	60	0	60
624	98304	3072	3117	6189	3072	45
625	98304	0	36	36	0	36
626	98304	0	36	36	0	36
627	98304	0	36	36	0	36
628	98304	0	45	45	0	45
629	98304	0	36	36	0	36
630	98304	1024	1060	2084	1024	36
631	98304	0	36	36	0	36
632	98304	0	45	45	0	45
633	98304	0	45	45	0	45
634	98304	0	48	48	0	48
635	98304	0	48	48	0	48
636	98304	2048	2096	4144	2048	48
637	98304	0	60	60	0	60
638	98304	0	60	60	0	60
639	98304	0	48	48	0	48
640	98304	0	48	48	0	48
641	98304	0	48	48	0	48
642	98304	1024	1084	2108	1024	60
643	98304	0	48	48	0	48
644	98304	0	48	48	0	48
645	98304	0	48	48	0	48
646	98304	0	60	60	0	60
647	98304	0	60	60	0	60
648	98304	3072	3108	6180	3072	36
649	98304	0	36	36	0	36
650	98304	0	48	48	0	48
651	98304	0	60	60	0	60
652	98304	0	60	60	0	60
653	98304	0	48	48	0	48
654	98304	1024	1072	2096	1024	48
655	98304	0	48	48	0	48
656	98304	0	48	48	0	48
657	98304	0	48	48	0	48
658	98304	0	36	36	0	36
659	98304	0	36	36	0	36
660	98304	2048	2084	4132	2048	36
661	98304	0	36	36	0	36
662	98304	0	24	24	0	24
663	98304	0	30	30	0	30
664	98304	0	30	30	0	30
665	98304	0	30	30	0	30
666	98304	1024	1054	2078	1024	30
667	98304	0	15	15	0	15
668	98304	0	15	15	0	15
669	98304	0	15	15	0	15
670	98304	0	15	15	0	15
671	98304	0	15	15	0	15
672	98304	3072	3072	6144	3072	0
673	98304	0	0	0	0	0
674	98304	0	0	0	0	0
675	98304	0	0	0	0	0
676	98304	0	0	0	0	0
677	98304	0	0	0	0	0
678	98304	1024	1024	2048	1024	0
679	98304	0	0	0	0	0
680	98304	0	0	0	0	0
681	98304	0	0	0	0	0
682	98304	0	0	0	0	0
683	98304	0	0	0	0	0
684	98304	2048	2048	4096	2048	0
685	98304	0	0	0	0	0
686	98304	0	0	0	0	0
687	98304	0	0	0	0	0
688	98304	0	0	0	0	0
689	98304	0	0	0	0	0
690	98304	1024	1024	2048	1024	0
691	98304	0	0	0	0	0
692	98304	0	0	0	0	0
693	98304	0	0	0	0	0
694	98304	0	0	0	0	0
695	98304	0	0	0	0	0
696	98304	3072	3072	6144	3072	0
697	98304	0	0	0	0	0
698	98304	0	0	0	0	0
699	98304	0	0	0	0	0
700	98304	0	0	0	0	0
701	98304	0	0	0	0	0
702	98304	1024	1024	2048	1024	0
703	98304	0	0	0	0	0
704	98304	0	0	0	0	0
705	98304	0	0	0	0	0
706	98304	0	0	0	0	0
707	98304	0	0	0	0	0
708	98304	2048	2048	4096	2048	0
709	98304	0	0	0	0	0
710	98304	0	0	0	0	0
711	98304	0	0	0	0	0
712	98304	0	0	0	0	0
713	98304	0	0	0	0	0
714	98304	1024	1024	2048	1024	0
715	98304	0	0	0	0	0
716	98304	0	0	0	0	0
717	98304	0	0	0	0	0
718	98304	0	0	0	0	0
719	98304	0	0	0	0	0
720	98304	3072	3072	6144	3072	0
721	98304	0	0	0	0	0
722	98304	0	0	0	0	0
723	98304	0	0	0	0	0
724	98304	0	0	0	0	0
725	98304	0	0	0	0	0
726	98304	1024	1024	2048	1024	0
727	98304	0	0	0	0	0
728	98304	0	0	0	0	0
729	98304	0	0	0	0	0
730	98304	0	0	0	0	0
731	98304	0	0	0	0	0
732	98304	2048	2048	4096	2048	0
733	98304	0	0	0	0	0
734	98304	0	0	0	0	0
735	98304	0	0	0	0	0
736	98304	0	0	0	0	0
737	98304	0	0	0	0	0
738	98304	1024	1024	2048	1024	0
739	98304	0	0	0	0	0
740	98304	0	0	0	0	0
741	98304	0	0	0	0	0
742	98304	0	0	0	0	0
743	98304	0	0	0	0	0
744	98304	3072	3072	6144	3072	0
745	98304	0	0	0	0	0
746	98304	0	0	0	0	0
747	98304	0	0	0	0	0
748	98304	0	0	0	0	0
749	98304	0	0	0	0	0
750	98304	1024	1024	2048	1024	0
751	98304	0	0	0	0	0
752	98304	0	0	0	0	0
753	98304	0	0	0	0	0
754	98304	0	0	0	0	0
755	98304	0	0	0	0	0
756	98304	2048	2048	4096	2048	0
757	98304	0	0	0	0	0
758	98304	0	0	0	0	0
759	98304	0	0	0	0	0
760	98304	0	0	0	0	0
761	98304	0	0	0	0	0
762	98304	1024	1024	2048	1024	0
763	98304	0	0	0	0	0
764	98304	0	0	0	0	0
765	98304	0	0	0	0	0
766	98304	0	0	0	0	0
767	98304	0	0	0	0	0
768	98304	3072	3072	6144	3072	0
769	98304	0	0	0	0	0
770	98304	0	0	0	0	0
771	98304	0	0	0	0	0
772	98304	0	0	0	0	0
773	98304	0	0	0	0	0
774	98304	1024	1024	2048	1024	0
775	98304	0	0	0	0	0
776	98304	0	0	0	0	0
777	98304	0	0	0	0	0
778	98304	0	0	0	0	0
779	98304	0	0	0	0	0
780	98304	2048	2048	4096	2048	0
781	98304	0	0	0	0	0
782	98304	0	0	0	0	0
783	98304	0	0	0	0	0
784	98304	0	0	0	0	0
785	98304	0	0	0	0	0
786	98304	1024	1024	2048	1024	0
787	98304	0	0	0	0	0
788	98304	0	0	0	0	0
789	98304	0	0	0	0	0
790	98304	0	0	0	0	0
791	98304	0	0	0	0	0
792	98304	3072	3072	6144	3072	0
793	98304	0	0	0	0	0
794	98304	0	0	0	0	0
795	98304	0	0	0	0	0
796	98304	0	0	0	0	0
797	98304	0	0	0	0	0
798	98304	1024	1024	2048	1024	0
799	98304	0	0	0	0	0
800	98304	0	0	0	0	0
801	98304	0	0	0	0	0
802	98304	0	0	0	0	0
803	98304	0	0	0	0	0
804	98304	2048	2048	4096	2048	0
805	98304	0	0	0	0	0
806	98304	0	0	0	0	0
807	98304	0	0	0	0	0
808	98304	0	0	0	0	0
809	98304	0	0	0	0	0
810	98304	1024	1024	2048	1024	0
811	98304	0	0	0	0	0
812	98304	0	0	0	0	0
813	98304	0	0	0	0	0
814	98304	0	0	0	0	0
815	98304	0	0	0	0	0
816	98304	3072	3072	6144	3072	0
817	98304	0	0	0	0	0
818	98304	0	0	0	0	0
819	98304	0	0	0	0	0
820	98304	0	0	0	0	0
821	98304	0	0	0	0	0
822	98304	0	0	0	0	0
823	98304	1024	1024	2048	1024	0
824	98304	0	0	0	0	0
825	98304	0	0	0	0	0
826	98304	0	0	0	0	0
827	98304	0	0	0	0	0
828	98304	2048	2048	4096	2048	0
829	98304	0	0	0	0	0
830	98304	0	0	0	0	0
831	98304	0	0	0	0	0
832	98304	0	0	0	0	0
833	98304	0	0	0	0	0
834	98304	1024	1024	2048	1024	0
835	98304	0	0	0	0	0
836	98304	0	0	0	0	0
837	98304	0	0	0	0	0
838	98304	0	0	0	0	0
839	98304	0	0	0	0	0
840	98304	3072	3072	6144	3072	0
841	98304	0	0	0	0	0
842	98304	0	0	0	0	0
843	98304	0	0	0	0	0
844	98304	0	0	0	0	0
845	98304	0	0	0	0	0
846	98304	1024	1024	2048	1024	0
847	98304	0	0	0	0	0
848	98304	0	0	0	0	0
849	98304	0	0	0	0	0
850	98304	0	0	0	0	0
851	98304	0	0	0	0	0
852	98304	0	0	0	0	0
853	98304	2048	2048	4096	2048	0
854	98304	0	0	0	0	0
855	98304	0	0	0	0	0
856	98304	0	0	0	0	0
857	98304	0	0	0	0	0
858	98304	1024	1024	2048	1024	0
859	98304	0	0	0	0	0
860	98304	0	0	0	0	0
861	98304	0	0	0	0	0
862	98304	0	0	0	0	0
863	98304	0	0	0	0	0
864	98304	3072	3072	6144	3072	0
865	98304	0	0	0	0	0
866	98304	0	0	0	0	0
867	98304	0	0	0	0	0
868	98304	0	0	0	0	0
869	98304	0	0	0	0	0
870	98304	1024	1024	2048	1024	0
871	98304	0	0	0	0	0
872	98304	0	0	0	0	0
873	98304	0	0	0	0	0
874	98304	0	0	0	0	0
875	98304	0	0	0	0	0
876	98304	2048	2048	4096	2048	0
877	98304	0	0	0	0	0
878	98304	0	0	0	0	0
879	98304	0	0	0	0	0
880	98304	0	0	0	0	0
881	98304	0	0	0	0	0
882	98304	0	0	0	0	0
883	98304	1024	1024	2048	1024	0
884	98304	0	0	0	0	0
885	98304	0	0	0	0	0
886	98304	0	0	0	0	0
887	98304	0	0	0	0	0
888	98304	3072	3072	6144	3072	0
889	98304	0	0	0	0	0
890	98304	0	0	0	0	0
891	98304	0	0	0	0	0
892	98304	0	0	0	0	0
893	98304	0	0	0	0	0
894	98304	1024	1024	2048	1024	0
895	98304	0	0	0	0	0
896	98304	0	0	0	0	0
897	98304	0	0	0	0	0
898	98304	0	0	0	0	0
899	98304	0	0	0	0	0
900	98304	2048	2048	4096	2048	0
901	98304	0	0	0	0	0
902	98304	0	0	0	0	0
903	98304	0	0	0	0	0
904	98304	0	0	0	0	0
905	98304	0	0	0	0	0
906	98304	1024	1024	2048	1024	0
907	98304	0	0	0	0	0
908	98304	0	0	0	0	0
909	98304	0	0	0	0	0
910	98304	0	0	0	0	0
911	98304	0	0	0	0	0
912	98304	0	0	0	0	0
913	98304	3072	3072	6144	3072	0
914	98304	0	0	0	0	0
915	98304	0	0	0	0	0
916	98304	0	0	0	0	0
917	98304	0	0	0	0	0
918	98304	1024	1024	2048	1024	0
919	98304	0	0	0	0	0
920	98304	0	0	0	0	0
921	98304	0	0	0	0	0
922	98304	0	0	0	0	0
923	98304	0	0	0	0	0
924	98304	2048	2048	4096	2048	0
925	98304	0	0	0	0	0
926	98304	0	0	0	0	0
927	98304	0	0	0	0	0
928	98304	0	0	0	0	0
929	98304	0	0	0	0	0
930	98304	1024	1024	2048	1024	0
931	98304	0	0	0	0	0
932	98304	0	0	0	0	0
933	98304	0	0	0	0	0
934	98304	0	0	0	0	0
935	98304	0	0	0	0	0
936	98304	3072	3072	6144	3072	0
937	98304	0	0	0	0	0
938	98304	0	0	0	0	0
939	98304	0	0	0	0	0
940	98304	0	0	0	0	0
941	98304	0	0	0	0	0
942	98304	0	0	0	0	0
943	98304	1024	1024	2048	1024	0
944	98304	0	0	0	0	0
945	98304	0	0	0	0	0
946	98304	0	0	0	0	0
947	98304	0	0	0	0	0
948	98304	2048	2048	4096	2048	0
949	98304	0	0	0	0	0
950	98304	0	0	0	0	0
951	98304	0	0	0	0	0
952	98304	0	0	0	0	0
953	98304	0	0	0	0	0
954	98304	1024	1024	2048	1024	0
955	98304	0	0	0	0	0
956	98304	0	0	0	0	0
957	98304	0	0	0	0	0
958	98304	0	0	0	0	0
959	98304	0	0	0	0	0
960	98304	3072	3072	6144	3072	0
961	98304	0	0	0	0	0
962	98304	0	0	0	0	0
963	98304	0	0	0	0	0
964	98304	0	0	0	0	0
965	98304	0	0	0	0	0
966	98304	1024	1024	2048	1024	0
967	98304	0	0	0	0	0
968	98304	0	0	0	0	0
969	98304	0	0	0	0	0
970	98304	0	0	0	0	0
971	98304	0	0	0	0	0
972	98304	0	0	0	0	0
973	98304	2048	2048	4096	2048	0
974	98304	0	0	0	0	0
975	98304	0	0	0	0	0
976	98304	0	0	0	0	0
977	98304	0	0	0	0	0
978	98304	1024	1024	2048	1024	0
979	98304	0	0	0	0	0
980	98304	0	0	0	0	0
981	98304	0	0	0	0	0
982	98304	0	0	0	0	0
983	98304	0	0	0	0	0
984	98304	3072	3072	6144	3072	0
985	98304	0	0	0	0	0
986	98304	0	0	0	0	0
987	98304	0	0	0	0	0
988	98304	0	0	0	0	0
989	98304	0	0	0	0	0
990	98304	1024	1024	2048	1024	0
991	98304	0	0	0	0	0
992	98304	0	0	0	0	0
993	98304	0	0	0	0	0
994	98304	0	0	0	0	0
995	98304	0	0	0	0	0
996	98304	2048	2048	4096	2048	0
997	98304	0	0	0	0	0
998	98304	0	0	0	0	0
999	98304	0	0	0	0	0
1000	98304	0	0	0	0	0
1001	98304	0	0	0	0	0
1002	98304	0	0	0	0	0
1003	98304	1024	1024	2048	1024	0
1004	98304	0	0	0	0	0
1005	98304	0	0	0	0	0
1006	98304	0	0	0	0	0
1007	98304	0	0	0	0	0
1008	98304	3072	3072	6144	3072	0
1009	98304	0	0	0	0	0
1010	98304	0	0	0	0	0
1011	98304	0	0	0	0	0
1012	98304	0	0	0	0	0
1013	98304	0	0	0	0	0
1014	98304	1024	1024	2048	1024	0
1015	98304	0	0	0	0	0
1016	98304	0	0	0	0	0
1017	98304	0	0	0	0	0
1018	98304	0	0	0	0	0
1019	98304	0	0	0	0	0
1020	98304	2048	2048	4096	2048	0
1021	98304	0	0	0	0	0
1022	98304	0	0	0	0	0
1023	98304	0	0	0	0	0
1024	98304	0	0	0	0	0
1025	98304	0	0	0	0	0
1026	98304	0	0	0	0	0
1027	98304	1024	1024	2048	1024	0
1028	98304	0	0	0	0	0
1029	98304	0	0	0	0	0
1030	98304	0	0	0	0	0
1031	98304	0	0	0	0	0
1032	98304	0	0	0	0	0
1033	98304	3072	3072	6144	3072	0
1034	98304	0	0	0	0	0
1035	98304	0	0	0	0	0
1036	98304	0	0	0	0	0
1037	98304	0	0	0	0	0
1038	98304	1024	1024	2048	1024	0
1039	98304	0	0	0	0	0
1040	98304	0	0	0	0	0
1041	98304	0	0	0	0	0
1042	98304	0	0	0	0	0
1043	98304	0	0	0	0	0
1044	98304	2048	2048	4096	2048	0
1045	98304	0	0	0	0	0
1046	98304	0	0	0	0	0
1047	98304	0	0	0	0	0
1048	98304	0	0	0	0	0
1049	98304	0	0	0	0	0
1050	98304	1024	1024	2048	1024	0
1051	98304	0	0	0	0	0
1052	98304	0	0	0	0	0
1053	98304	0	0	0	0	0
1054	98304	0	0	0	0	0
1055	98304	0	0	0	0	0
1056	98304	0	0	0	0	0
1057	98304	3072	3072	6144	3072	0
1058	98304	0	0	0	0	0
1059	98304	0	0	0	0	0
1060	98304	0	0	0	0	0
1061	98304	0	0	0	0	0
1062	98304	0	0	0	0	0
1063	98304	1024	1024	2048	1024	0
1064	98304	0	0	0	0	0
1065	98304	0	0	0	0	0
1066	98304	0	0	0	0	0
1067	98304	0	0	0	0	0
1068	98304	2048	2048	4096	2048	0
1069	98304	0	0	0	0	0
1070	98304	0	0	0	0	0
1071	98304	0	0	0	0	0
1072	98304	0	0	0	0	0
1073	98304	0	0	0	0	0
1074	98304	1024	1024	2048	1024	0
1075	98304	0	0	0	0	0
1076	98304	0	0	0	0	0
1077	98304	0	0	0	0	0
1078	98304	0	0	0	0	0
1079	98304	0	0	0	0	0
1080	98304	3072	3072	6144	3072	0
1081	98304	0	0	0	0	0
1082	98304	0	0	0	0	0
1083	98304	0	0	0	0	0
1084	98304	0	0	0	0	0
1085	98304	0	0	0	0	0
1086	98304	0	0	0	0	0
1087	98304	1024	1024	2048	1024	0
1088	98304	0	0	0	0	0
1089	98304	0	0	0	0	0
1090	98304	0	0	0	0	0
1091	98304	0	0	0	0	0
1092	98304	0	0	0	0	0
1093	98304	2048	2048	4096	2048	0
1094	98304	0	0	0	0	0
1095	98304	0	0	0	0	0
1096	98304	0	0	0	0	0
1097	98304	0	0	0	0	0
1098	98304	1024	1024	2048	1024	0
1099	98304	0	0	0	0	0
1100	98304	0	0	0	0	0
1101	98304	0	0	0	0	0
1102	98304	0	0	0	0	0
1103	98304	0	0	0	0	0
1104	98304	3072	3072	6144	3072	0
1105	98304	0	0	0	0	0
1106	98304	0	0	0	0	0
1107	98304	0	0	0	0	0
1108	98304	0	0	0	0	0
1109	98304	0	0	0	0	0
1110	98304	1024	1024	2048	1024	0
1111	98304	0	0	0	0	0
1112	98304	0	0	0	0	0
1113	98304	0	0	0	0	0
1114	98304	0	0	0	0	0
1115	98304	0	0	0	0	0
1116	98304	0	0	0	0	0
1117	98304	2048	2048	4096	2048	0
1118	98304	0	0	0	0	0
1119	98304	0	0	0	0	0
1120	98304	0	0	0	0	0
1121	98304	0	0	0	0	0
1122	98304	0	0	0	0	0
1123	98304	1024	1024	2048	1024	0
1124	98304	0	0	0	0	0
1125	98304	0	0	0	0	0
1126	98304	0	0	0	0	0
1127	98304	0	0	0	0	0
1128	98304	3072	3072	6144	3072	0
1129	98304	0	0	0	0	0
1130	98304	0	0	0	0	0
1131	98304	0	0	0	0	0
1132	98304	0	0	0	0	0
1133	98304	0	0	0	0	0
1134	98304	1024	1024	2048	1024	0
1135	98304	0	0	0	0	0
1136	98304	0	0	0	0	0
1137	98304	0	0	0	0	0
1138	98304	0	0	0	0	0
1139	98304	0	0	0	0	0
1140	98304	2048	2048	4096	2048	0
1141	98304	0	0	0	0	0
1142	98304	0	0	0	0	0
1143	98304	0	0	0	0	0
1144	98304	0	0	0	0	0
1145	98304	0	0	0	0	0
1146	98304	0	0	0	0	0
1147	98304	1024	1024	2048	1024	0
1148	98304	0	0	0	0	0
1149	98304	0	0	0	0	0
1150	98304	0	0	0	0	0
1151	98304	0	0	0	0	0
1152	98304	0	0	0	0	0
1153	98304	3072	3072	6144	3072	0
1154	98304	0	0	0	0	0
1155	98304	0	0	0	0	0
1156	98304	0	0	0	0	0
1157	98304	0	0	0	0	0
1158	98304	1024	1024	2048	1024	0
1159	98304	0	0	0	0	0
1160	98304	0	0	0	0	0
1161	98304	0	0	0	0	0
1162	98304	0	0	0	0	0
1163	98304	0	0	0	0	0
1164	98304	2048	2048	4096	2048	0
1165	98304	0	0	0	0	0
1166	98304	0	0	0	0	0
1167	98304	0	0	0	0	0
1168	98304	0	0	0	0	0
1169	98304	0	0	0	0	0
1170	98304	1024	1024	2048	1024	0
1171	98304	0	0	0	0	0
1172	98304	0	0	0	0	0
1173	98304	0	0	0	0	0
1174	98304	0	0	0	0	0
1175	98304	0	0	0	0	0
1176	98304	0	0	0	0	0
1177	98304	3072	3072	6144	3072	0
1178	98304	0	0	0	0	0
1179	98304	0	0	0	0	0
1180	98304	0	0	0	0	0
1181	98304	0	0	0	0	0
1182	98304	0	0	0	0	0
1183	98304	1024	1024	2048	1024	0
1184	98304	0	0	0	0	0
1185	98304	0	0	0	0	0
1186	98304	0	0	0	0	0
1187	98304	0	0	0	0	0
1188	98304	2048	2048	4096	2048	0
1189	98304	0	0	0	0	0
1190	98304	0	0	0	0	0
1191	98304	0	0	0	0	0
1192	98304	0	0	0	0	0
1193	98304	0	0	0	0	0
1194	98304	1024	1024	2048	1024	0
1195	98304	0	0	0	0	0
1196	98304	0	0	0	0	0
1197	98304	0	0	0	0	0
1198	98304	0	0	0	0	0
1199	98304	0	0	0	0	0
1200	98304	3072	3072	6144	3072	0
1201	98304	0	0	0	0	0
1202	98304	0	0	0	0	0
1203	98304	0	0	0	0	0
1204	98304	0	0	0	0	0
1205	98304	0	0	0	0	0
1206	98304	0	0	0	0	0
1207	98304	1024	1024	2048	1024	0
1208	98304	0	0	0	0	0
1209	98304	0	0	0	0	0
1210	98304	0	0	0	0	0
1211	98304	0	0	0	0	0
1212	98304	0	0	0	0	0
1213	98304	2048	2048	4096	2048	0
1214	98304	0	0	0	0	0
1215	98304	0	0	0	0	0
1216	98304	0	0	0	0	0
1217	98304	0	0	0	0	0
1218	98304	1024	1024	2048	1024	0
1219	98304	0	0	0	0	0
1220	98304	0	0	0	0	0
1221	98304	0	0	0	0	0
1222	98304	0	0	0	0	0
1223	98304	0	0	0	0	0
1224	98304	3072	3072	6144	3072	0
1225	98304	0	0	0	0	0
1226	98304	0	0	0	0	0
1227	98304	0	0	0	0	0
1228	98304	0	0	0	0	0
1229	98304	0	0	0	0	0
1230	98304	1024	1024	2048	1024	0
1231	98304	0	0	0	0	0
1232	98304	0	0	0	0	0
1233	98304	0	0	0	0	0
1234	98304	0	0	0	0	0
1235	98304	0	0	0	0	0
1236	98304	0	0	0	0	0
1237	98304	2048	2048	4096	2048	0
1238	98304	0	0	0	0	0
1239	98304	0	0	0	0	0
1240	98304	0	0	0	0	0
1241	98304	0	0	0	0	0
1242	98304	0	0	0	0	0
1243	98304	1024	1024	2048	1024	0
1244	98304	0	0	0	0	0
1245	98304	0	0	0	0	0
1246	98304	0	0	0	0	0
1247	98304	0	0	0	0	0
1248	98304	3072	3072	6144	3072	0
1249	98304	0	0	0	0	0
1250	98304	0	0	0	0	0
1251	98304	0	0	0	0	0
1252	98304	0	0	0	0	0
1253	98304	0	0	0	0	0
1254	98304	1024	1024	2048	1024	0
1255	98304	0	0	0	0	0
1256	98304	0	0	0	0	0
1257	98304	0	0	0	0	0
1258	98304	0	0	0	0	0
1259	98304	0	0	0	0	0
1260	98304	2048	2048	4096	2048	0
1261	98304	0	0	0	0	0
1262	98304	0	0	0	0	0
1263	98304	0	0	0	0	0
1264	98304	0	0	0	0	0
1265	98304	0	0	0	0	0
1266	98304	0	0	0	0	0
1267	98304	1024	1024	2048	1024	0
1268	98304	0	0	0	0	0
1269	98304	0	0	0	0	0
1270	98304	0	0	0	0	0
1271	98304	0	0	0	0	0
1272	98304	0	0	0	0	0
1273	98304	3072	3072	6144	3072	0
1274	98304	0	0	0	0	0
1275	98304	0	0	0	0	0
1276	98304	0	0	0	0	0
1277	98304	0	0	0	0	0
1278	98304	1024	1024	2048	1024	0
1279	98304	0	0	0	0	0
1280	98304	0	0	0	0	0
1281	98304	0	0	0	0	0
1282	98304	0	0	0	0	0
1283	98304	0	0	0	0	0
1284	98304	0	0	0	0	0
1285	98304	2048	2048	4096	2048	0
1286	98304	0	0	0	0	0
1287	98304	0	0	0	0	0
1288	98304	0	0	0	0	0
1289	98304	0	0	0	0	0
1290	98304	0	0	0	0	0
1291	98304	1024	1024	2048	1024	0
1292	98304	0	0	0	0	0
1293	98304	0	0	0	0	0
1294	98304	0	0	0	0	0
1295	98304	0	0	0	0	0
1296	98304	3072	3072	6144	3072	0
1297	98304	0	0	0	0	0
1298	98304	0	0	0	0	0
1299	98304	0	0	0	0	0
1300	98304	0	0	0	0	0
1301	98304	0	0	0	0	0
1302	98304	0	0	0	0	0
1303	98304	1024	1024	2048	1024	0
1304	98304	0	0	0	0	0
1305	98304	0	0	0	0	0
1306	98304	0	0	0	0	0
1307	98304	0	0	0	0	0
1308	98304	2048	2048	4096	2048	0
1309	98304	0	0	0	0	0
1310	98304	0	0	0	0	0
1311	98304	0	0	0	0	0
1312	98304	0	0	0	0	0
1313	98304	0	0	0	0	0
1314	98304	0	0	0	0	0
1315	98304	1024	1024	2048	1024	0
1316	98304	0	0	0	0	0
1317	98304	0	0	0	0	0
1318	98304	0	0	0	0	0
1319	98304	0	0	0	0	0
1320	98304	3072	3072	6144	3072	0
1321	98304	0	0	0	0	0
1322	98304	0	0	0	0	0
1323	98304	0	0	0	0	0
1324	98304	0	0	0	0	0
1325	98304	0	0	0	0	0
1326	98304	1024	1024	2048	1024	0
1327	98304	0	0	0	0	0
1328	98304	0	0	0	0	0
1329	98304	0	0	0	0	0
1330	98304	0	0	0	0	0
1331	98304	0	0	0	0	0
1332	98304	0	0	0	0	0
1333	98304	2048	2048	4096	2048	0
1334	98304	0	0	0	0	0
1335	98304	0	0	0	0	0
1336	98304	0	0	0	0	0
1337	98304	0	0	0	0	0
1338	98304	1024	1024	2048	1024	0
1339	98304	0	0	0	0	0
1340	98304	0	0	0	0	0
1341	98304	0	0	0	0	0
1342	98304	0	0	0	0	0
1343	98304	0	0	0	0	0
1344	98304	0	0	0	0	0
1345	98304	3072	3072	6144	3072	0
1346	98304	0	0	0	0	0
1347	98304	0	0	0	0	0
1348	98304	0	0	0	0	0
1349	98304	0	0	0	0	0
1350	98304	0	0	0	0	0
1351	98304	1024	1024	2048	1024	0
1352	98304	0	0	0	0	0
1353	98304	0	0	0	0	0
1354	98304	0	0	0	0	0
1355	98304	0	0	0	0	0
1356	98304	2048	2048	4096	2048	0
1357	98304	0	0	0	0	0
1358	98304	0	0	0	0	0
1359	98304	0	0	0	0	0
1360	98304	0	0	0	0	0
1361	98304	0	0	0	0	0
1362	98304	0	0	0	0	0
1363	98304	1024	1024	2048	1024	0
1364	98304	0	0	0	0	0
1365	98304	0	0	0	0	0
1366	98304	0	0	0	0	0
1367	98304	0	0	0	0	0
1368	98304	3072	3072	6144	3072	0
1369	98304	0	0	0	0	0
1370	98304	0	0	0	0	0
1371	98304	0	0	0	0	0
1372	98304	0	0	0	0	0
1373	98304	0	0	0	0	0
1374	98304	0	0	0	0	0
1375	98304	1024	1024	2048	1024	0
1376	98304	0	0	0	0	0
1377	98304	0	0	0	0	0
1378	98304	0	0	0	0	0
1379	98304	0	0	0	0	0
1380	98304	0	0	0	0	0
1381	98304	2048	2048	4096	2048	0
1382	98304	0	0	0	0	0
1383	98304	0	0	0	0	0
1384	98304	0	0	0	0	0
1385	98304	0	0	0	0	0
1386	98304	1024	1024	2048	1024	0
1387	98304	0	0	0	0	0
1388	98304	0	0	0	0	0
1389	98304	0	0	0	0	0
1390	98304	0	0	0	0	0
1391	98304	0	0	0	0	0
1392	98304	0	0	0	0	0
1393	98304	3072	3072	6144	3072	0
1394	98304	0	0	0	0	0
1395	98304	0	0	0	0	0
1396	98304	0	0	0	0	0
1397	98304	0	0	0	0	0
1398	98304	1024	1024	2048	1024	0
1399	98304	0	0	0	0	0
1400	98304	0	0	0	0	0
1401	98304	0	0	0	0	0
1402	98304	0	0	0	0	0
1403	98304	0	0	0	0	0
1404	98304	0	0	0	0	0
1405	98304	2048	2048	4096	2048	0
1406	98304	0	0	0	0	0
1407	98304	0	0	0	0	0
1408	98304	0	0	0	0	0
1409	98304	0	0	0	0	0
1410	98304	1024	1024	2048	1024	0
1411	98304	0	0	0	0	0
1412	98304	0	0	0	0	0
1413	98304	0	0	0	0	0
1414	98304	0	0	0	0	0
1415	98304	0	0	0	0	0
1416	98304	3072	3072	6144	3072	0
1417	98304	0	0	0	0	0
1418	98304	0	0	0	0	0
1419	98304	0	0	0	0	0
1420	98304	0	0	0	0	0
1421	98304	0	0	0	0	0
1422	98304	0	0	0	0	0
1423	98304	1024	1024	2048	1024	0
1424	98304	0	0	0	0	0
1425	98304	0	0	0	0	0
1426	98304	0	0	0	0	0
1427	98304	0	0	0	0	0
1428	98304	2048	2048	4096	2048	0
1429	98304	0	0	0	0	0
1430	98304	0	0	0	0	0
1431	98304	0	0	0	0	0
1432	98304	0	0	0	0	0
1433	98304	0	0	0	0	0
1434	98304	0	0	0	0	0
1435	98304	1024	1024	2048	1024	0
1436	98304	0	0	0	0	0
1437	98304	0	0	0	0	0
1438	98304	0	0	0	0	0
1439	98304	0	0	0	0	0
1440	98304	3072	3072	6144	3072	0
1441	98304	0	0	0	0	0
1442	98304	0	0	0	0	0
1443	98304	0	0	0	0	0
1444	98304	0	0	0	0	0
1445	98304	0	0	0	0	0
1446	98304	1024	1024	2048	1024	0
1447	98304	0	0	0	0	0
1448	98304	0	0	0	0	0
1449	98304	0	0	0	0	0
1450	98304	0	0	0	0	0
1451	98304	0	0	0	0	0
1452	98304	0	0	0	0	0
1453	98304	2048	2048	4096	2048	0
1454	98304	0	0	0	0	0
1455	98304	0	0	0	0	0
1456	98304	0	0	0	0	0
1457	98304	0	0	0	0	0
1458	98304	1024	1024	2048	1024	0
1459	98304	0	0	0	0	0
1460	98304	0	0	0	0	0
1461	98304	0	0	0	0	0
1462	98304	0	0	0	0	0
1463	98304	0	0	0	0	0
1464	98304	0	0	0	0	0
1465	98304	3072	3072	6144	3072	0
1466	98304	0	0	0	0	0
1467	98304	0	0	0	0	0
1468	98304	0	0	0	0	0
1469	98304	0	0	0	0	0
1470	98304	1024	1024	2048	1024	0
1471	98304	0	0	0	0	0
1472	98304	0	0	0	0	0
1473	98304	0	0	0	0	0
1474	98304	0	0	0	0	0
1475	98304	0	0	0	0	0
1476	98304	2048	2048	4096	2048	0
1477	98304	0	0	0	0	0
1478	98304	0	0	0	0	0
1479	98304	0	0	0	0	0
1480	98304	0	0	0	0	0
1481	98304	0	0	0	0	0
1482	98304	0	0	0	0	0
1483	98304	1024	1024	2048	1024	0
1484	98304	0	0	0	0	0
1485	98304	0	0	0	0	0
1486	98304	0	0	0	0	0
1487	98304	0	0	0	0	0
1488	98304	3072	3072	6144	3072	0
1489	98304	0	0	0	0	0
1490	98304	0	0	0	0	0
1491	98304	0	0	0	0	0
1492	98304	0	0	0	0	0
1493	98304	0	0	0	0	0
1494	98304	0	0	0	0	0
1495	98304	1024	1024	2048	1024	0
1496	98304	0	0	0	0	0
1497	98304	0	0	0	0	0
1498	98304	0	0	0	0	0
1499	98304	0	0	0	0	0
1500	98304	0	0	0	0	0
1501	98304	2048	2048	4096	2048	0
1502	98304	0	0	0	0	0
1503	98304	0	0	0	0	0
1504	98304	0	0	0	0	0
1505	98304	0	0	0	0	0
1506	98304	1024	1024	2048	1024	0
1507	98304	0	0	0	0	0
1508	98304	0	0	0	0	0
1509	98304	0	0	0	0	0
1510	98304	0	0	0	0	0
1511	98304	0	0	0	0	0
1512	98304	0	0	0	0	0
1513	98304	3072	3072	6144	3072	0
1514	98304	0	0	0	0	0
1515	98304	0	0	0	0	0
1516	98304	0	0	0	0	0
1517	98304	0	0	0	0	0
1518	98304	1024	1024	2048	1024	0
1519	98304	0	0	0	0	0
1520	98304	0	0	0	0	0
1521	98304	0	0	0	0	0
1522	98304	0	0	0	0	0
1523	98304	0	0	0	0	0
1524	98304	0	0	0	0	0
1525	98304	2048	2048	4096	2048	0
1526	98304	0	0	0	0	0
1527	98304	0	0	0	0	0
1528	98304	0	0	0	0	0
1529	98304	0	0	0	0	0
1530	98304	0	0	0	0	0
1531	98304	1024	1024	2048	1024	0
1532	98304	0	0	0	0	0
1533	98304	0	0	0	0	0
1534	98304	0	0	0	0	0
1535	98304	0	0	0	0	0
1536	98304	3072	3072	6144	3072	0
1537	98304	0	0	0	0	0
1538	98304	0	0	0	0	0
1539	98304	0	0	0	0	0
1540	98304	0	0	0	0	0
1541	98304	0	0	0	0	0
1542	98304	0	0	0	0	0
1543	98304	1024	1024	2048	1024	0
1544	98304	0	0	0	0	0
1545	98304	0	0	0	0	0
1546	98304	0	0	0	0	0
1547	98304	0	0	0	0	0
1548	98304	2048	2048	4096	2048	0
1549	98304	0	0	0	0	0
1550	98304	0	0	0	0	0
1551	98304	0	0	0	0	0
1552	98304	0	0	0	0	0
1553	98304	0	0	0	0	0
1554	98304	0	0	0	0	0
1555	98304	1024	1024	2048	1024	0
1556	98304	0	0	0	0	0
1557	98304	0	0	0	0	0
1558	98304	0	0	0	0	0
1559	98304	0	0	0	0	0
1560	98304	0	0	0	0	0
1561	98304	3072	3072	6144	3072	0
1562	98304	0	0	0	0	0
1563	98304	0	0	0	0	0
1564	98304	0	0	0	0	0
1565	98304	0	0	0	0	0
1566	98304	1024	1024	2048	1024	0
1567	98304	0	0	0	0	0
1568	98304	0	0	0	0	0
1569	98304	0	0	0	0	0
1570	98304	0	0	0	0	0
1571	98304	0	0	0	0	0
1572	98304	0	0	0	0	0
1573	98304	2048	2048	4096	2048	0
1574	98304	0	0	0	0	0
1575	98304	0	0	0	0	0
1576	98304	0	0	0	0	0
1577	98304	0	0	0	0	0
1578	98304	1024	1024	2048	1024	0
1579	98304	0	0	0	0	0
1580	98304	0	0	0	0	0
1581	98304	0	0	0	0	0
1582	98304	0	0	0	0	0
1583	98304	0	0	0	0	0
1584	98304	0	0	0	0	0
1585	98304	3072	3072	6144	3072	0
1586	98304	0	0	0	0	0
1587	98304	0	0	0	0	0
1588	98304	0	0	0	0	0
1589	98304	0	0	0	0	0
1590	98304	1024	1024	2048	1024	0
1591	98304	0	0	0	0	0
1592	98304	0	0	0	0	0
1593	98304	0	0	0	0	0
1594	98304	0	0	0	0	0
1595	98304	0	0	0	0	0
1596	98304	2048	2048	4096	2048	0
1597	98304	0	0	0	0	0
1598	98304	0	0	0	0	0
1599	98304	0	0	0	0	0
1600	98304	0	0	0	0	0
1601	98304	0	0	0	0	0
1602	98304	0	0	0	0	0
1603	98304	1024	1024	2048	1024	0
1604	98304	0	0	0	0	0
1605	98304	0	0	0	0	0
1606	98304	0	0	0	0	0
1607	98304	0	0	0	0	0
1608	98304	3072	3072	6144	3072	0
1609	98304	0	0	0	0	0
1610	98304	0	0	0	0	0
1611	98304	0	0	0	0	0
1612	98304	0	0	0	0	0
1613	98304	0	0	0	0	0
1614	98304	0	0	0	0	0
1615	98304	1024	1024	2048	1024	0
1616	98304	0	0	0	0	0
1617	98304	0	0	0	0	0
1618	98304	0	0	0	0	0
1619	98304	0	0	0	0	0
1620	98304	2048	2048	4096	2048	0
1621	98304	0	0	0	0	0
1622	98304	0	0	0	0	0
1623	98304	0	0	0	0	0
1624	98304	0	0	0	0	0
1625	98304	0	0	0	0	0
1626	98304	1024	1024	2048	1024	0
1627	98304	0	0	0	0	0
1628	98304	0	0	0	0	0
1629	98304	0	0	0	0	0
1630	98304	0	0	0	0	0
1631	98304	0	0	0	0	0
1632	98304	0	0	0	0	0
1633	98304	3072	3072	6144	3072	0
1634	98304	0	0	0	0	0
1635	98304	0	0	0	0	0
1636	98304	0	0	0	0	0
1637	98304	0	0	0	0	0
1638	98304	1024	1024	2048	1024	0
1639	98304	0	0	0	0	0
1640	98304	0	0	0	0	0
1641	98304	0	0	0	0	0
1642	98304	0	0	0	0	0
1643	98304	0	0	0	0	0
1644	98304	0	0	0	0	0
1645	98304	2048	2048	4096	2048	0
1646	98304	0	0	0	0	0
1647	98304	0	0	0	0	0
1648	98304	0	0	0	0	0
1649	98304	0	0	0	0	0
1650	98304	1024	1024	2048	1024	0
1651	98304	0	0	0	0	0
1652	98304	0	0	0	0	0
1653	98304	0	0	0	0	0
1654	98304	0	0	0	0	0
1655	98304	0	0	0	0	0
1656	98304	3072	3072	6144	3072	0
1657	98304	0	0	0	0	0
1658	98304	0	0	0	0	0
1659	98304	0	0	0	0	0
1660	98304	0	0	0	0	0
1661	98304	0	0	0	0	0
1662	98304	0	0	0	0	0
1663	98304	1024	1024	2048	1024	0
1664	98304	0	0	0	0	0
1665	98304	0	0	0	0	0
1666	98304	0	0	0	0	0
1667	98304	0	0	0	0	0
1668	98304	2048	2048	4096	2048	0
1669	98304	0	0	0	0	0
1670	98304	0	0	0	0	0
1671	98304	0	0	0	0	0
1672	98304	0	0	0	0	0
1673	98304	0	0	0	0	0
1674	98304	0	0	0	0	0
1675	98304	1024	1024	2048	1024	0
1676	98304	0	0	0	0	0
1677	98304	0	0	0	0	0
1678	98304	0	0	0	0	0
1679	98304	0	0	0	0	0
1680	98304	3072	3072	6144	3072	0
1681	98304	0	0	0	0	0
1682	98304	0	0	0	0	0
1683	98304	0	0	0	0	0
1684	98304	0	0	0	0	0
1685	98304	0	0	0	0	0
1686	98304	1024	1024	2048	1024	0
1687	98304	0	0	0	0	0
1688	98304	0	0	0	0	0
1689	98304	0	0	0	0	0
1690	98304	0	0	0	0	0
1691	98304	0	0	0	0	0
1692	98304	0	0	0	0	0
1693	98304	2048	2048	4096	2048	0
1694	98304	0	0	0	0	0
1695	98304	0	0	0	0	0
1696	98304	0	0	0	0	0
1697	98304	0	0	0	0	0
1698	98304	1024	1024	2048	1024	0
1699	98304	0	0	0	0	0
1700	98304	0	0	0	0	0
1701	98304	0	0	0	0	0
1702	98304	0	0	0	0	0
1703	98304	0	0	0	0	0
1704	98304	0	0	0	0	0
1705	98304	3072	3072	6144	3072	0
1706	98304	0	0	0	0	0
1707	98304	0	0	0	0	0
1708	98304	0	0	0	0	0
1709	98304	0	0	0	0	0
1710	98304	1024	1024	2048	1024	0
1711	98304	0	0	0	0	0
1712	98304	0	0	0	0	0
1713	98304	0	0	0	0	0
1714	98304	0	0	0	0	0
1715	98304	0	0	0	0	0
1716	98304	2048	2048	4096	2048	0
1717	98304	0	0	0	0	0
1718	98304	0	0	0	0	0
1719	98304	0	0	0	0	0
1720	98304	0	0	0	0	0
1721	98304	0	0	0	0	0
1722	98304	0	0	0	0	0
1723	98304	1024	1024	2048	1024	0
1724	98304	0	0	0	0	0
1725	98304	0	0	0	0	0
1726	98304	0	0	0	0	0
1727	98304	0	0	0	0	0
1728	98304	3072	3072	6144	3072	0
1729	98304	0	0	0	0	0
1730	98304	0	0	0	0	0
1731	98304	0	0	0	0	0
1732	98304	0	0	0	0	0
1733	98304	0	0	0	0	0
1734	98304	0	0	0	0	0
1735	98304	1024	1024	2048	1024	0
1736	98304	0	0	0	0	0
1737	98304	0	0	0	0	0
1738	98304	0	0	0	0	0
1739	98304	0	0	0	0	0
1740	98304	2048	2048	4096	2048	0
1741	98304	0	0	0	0	0
1742	98304	0	0	0	0	0
1743	98304	0	0	0	0	0
1744	98304	0	0	0	0	0
1745	98304	0	0	0	0	0
1746	98304	1024	1024	2048	1024	0
1747	98304	0	0	0	0	0
1748	98304	0	0	0	0	0
1749	98304	0	0	0	0	0
1750	98304	0	0	0	0	0
1751	98304	0	0	0	0	0
1752	98304	0	0	0	0	0
1753	98304	3072	3072	6144	3072	0
1754	98304	0	0	0	0	0
1755	98304	0	0	0	0	0
1756	98304	0	0	0	0	0
1757	98304	0	0	0	0	0
1758	98304	1024	1024	2048	1024	0
1759	98304	0	0	0	0	0
1760	98304	0	0	0	0	0
1761	98304	0	0	0	0	0
1762	98304	0	0	0	0	0
1763	98304	0	0	0	0	0
1764	98304	0	0	0	0	0
1765	98304	2048	2048	4096	2048	0
1766	98304	0	0	0	0	0
1767	98304	0	0	0	0	0
1768	98304	0	0	0	0	0
1769	98304	0	0	0	0	0
1770	98304	1024	1024	2048	1024	0
1771	98304	0	0	0	0	0
1772	98304	0	0	0	0	0
1773	98304	0	0	0	0	0
1774	98304	0	0	0	0	0
1775	98304	0	0	0	0	0
1776	98304	3072	3072	6144	3072	0
1777	98304	0	0	0	0	0
1778	98304	0	0	0	0	0
1779	98304	0	0	0	0	0
1780	98304	0	0	0	0	0
1781	98304	0	0	0	0	0
1782	98304	0	0	0	0	0
1783	98304	1024	1024	2048	1024	0
1784	98304	0	0	0	0	0
1785	98304	0	0	0	0	0
1786	98304	0	0	0	0	0
1787	98304	0	0	0	0	0
1788	98304	2048	2048	4096	2048	0
1789	98304	0	0	0	0	0
1790	98304	0	0	0	0	0
1791	98304	0	0	0	0	0
1792	98304	0	0	0	0	0
1793	98304	0	0	0	0	0
1794	98304	0	0	0	0	0
1795	98304	1024	1024	2048	1024	0
1796	98304	0	0	0	0	0
1797	98304	0	0	0	0	0
1798	98304	0	0	0	0	0
1799	98304	0	0	0	0	0
1800	98304	0	0	0	0	0
1801	98304	3072	3072	6144	3072	0
1802	98304	0	0	0	0	0
1803	98304	0	0	0	0	0
1804	98304	0	0	0	0	0
1805	98304	0	0	0	0	0
1806	98304	1024	1024	2048	1024	0
1807	98304	0	0	0	0	0
1808	98304	0	0	0	0	0
1809	98304	0	0	0	0	0
1810	98304	0	0	0	0	0
1811	98304	0	0	0	0	0
1812	98304	0	0	0	0	0
1813	98304	2048	2048	4096	2048	0
1814	98304	0	0	0	0	0
1815	98304	0	0	0	0	0
1816	98304	0	0	0	0	0
1817	98304	0	0	0	0	0
1818	98304	1024	1024	2048	1024	0
1819	98304	0	0	0	0	0
1820	98304	0	0	0	0	0
1821	98304	0	0	0	0	0
1822	98304	0	0	0	0	0
1823	98304	0	0	0	0	0
1824	98304	0	0	0	0	0
1825	98304	3072	3072	6144	3072	0
1826	98304	0	0	0	0	0
1827	98304	0	0	0	0	0
1828	98304	0	0	0	0	0
1829	98304	0	0	0	0	0
1830	98304	0	0	0	0	0
1831	98304	1024	1024	2048	1024	0
1832	98304	0	0	0	0	0
1833	98304	0	0	0	0	0
1834	98304	0	0	0	0	0
1835	98304	0	0	0	0	0
1836	98304	2048	2048	4096	2048	0
1837	98304	0	0	0	0	0
1838	98304	0	0	0	0	0
1839	98304	0	0	0	0	0
1840	98304	0	0	0	0	0
1841	98304	0	0	0	0	0
1842	98304	0	0	0	0	0
1843	98304	1024	1024	2048	1024	0
1844	98304	0	0	0	0	0
1845	98304	0	0	0	0	0
1846	98304	0	0	0	0	0
1847	98304	0	0	0	0	0
1848	98304	3072	3072	6144	3072	0
1849	98304	0	0	0	0	0
1850	98304	0	0	0	0	0
1851	98304	0	0	0	0	0
1852	98304	0	0	0	0	0
1853	98304	0	0	0	0	0
1854	98304	0	0	0	0	0
1855	98304	1024	1024	2048	1024	0
1856	98304	0	0	0	0	0
1857	98304	0	0	0	0	0
1858	98304	0	0	0	0	0
1859	98304	0	0	0	0	0
1860	98304	0	0	0	0	0
1861	98304	2048	2048	4096	2048	0
1862	98304	0	0	0	0	0
1863	98304	0	0	0	0	0
1864	98304	0	0	0	0	0
1865	98304	0	0	0	0	0
1866	98304	1024	1024	2048	1024	0
1867	98304	0	0	0	0	0
1868	98304	0	0	0	0	0
1869	98304	0	0	0	0	0
1870	98304	0	0	0	0	0
1871	98304	0	0	0	0	0
1872	98304	0	0	0	0	0
1873	98304	3072	3072	6144	3072	0
1874	98304	0	0	0	0	0
1875	98304	0	0	0	0	0
1876	98304	0	0	0	0	0
1877	98304	0	0	0	0	0
1878	98304	1024	1024	2048	1024	0
1879	98304	0	0	0	0	0
1880	98304	0	0	0	0	0
1881	98304	0	0	0	0	0
1882	98304	0	0	0	0	0
1883	98304	0	0	0	0	0
1884	98304	0	0	0	0	0
1885	98304	2048	2048	4096	2048	0
1886	98304	0	0	0	0	0
1887	98304	0	0	0	0	0
1888	98304	0	0	0	0	0
1889	98304	0	0	0	0	0
1890	98304	0	0	0	0	0
1891	98304	1024	1024	2048	1024	0
1892	98304	0	0	0	0	0
1893	98304	0	0	0	0	0
1894	98304	0	0	0	0	0
1895	98304	0	0	0	0	0
1896	98304	3072	3072	6144	3072	0
1897	98304	0	0	0	0	0
1898	98304	0	0	0	0	0
1899	98304	0	0	0	0	0
1900	98304	0	0	0	0	0
1901	98304	0	0	0	0	0
1902	98304	0	0	0	0	0
1903	98304	1024	1024	2048	1024	0
1904	98304	0	0	0	0	0
1905	98304	0	0	0	0	0
1906	98304	0	0	0	0	0
1907	98304	0	0	0	0	0
1908	98304	2048	2048	4096	2048	0
1909	98304	0	0	0	0	0
1910	98304	0	0	0	0	0
1911	98304	0	0	0	0	0
1912	98304	0	0	0	0	0
1913	98304	0	0	0	0	0
1914	98304	0	0	0	0	0
1915	98304	1024	1024	2048	1024	0
1916	98304	0	0	0	0	0
1917	98304	0	0	0	0	0
1918	98304	0	0	0	0	0
1919	98304	0	0	0	0	0
1920	98304	0	0	0	0	0
1921	98304	3072	3072	6144	3072	0
1922	98304	0	0	0	0	0
1923	98304	0	0	0	0	0
1924	98304	0	0	0	0	0
1925	98304	0	0	0	0	0
1926	98304	1024	1024	2048	1024	0
1927	98304	0	0	0	0	0
1928	98304	0	0	0	0	0
1929	98304	0	0	0	0	0
1930	98304	0	0	0	0	0
1931	98304	0	0	0	0	0
1932	98304	0	0	0	0	0
1933	98304	2048	2048	4096	2048	0
1934	98304	0	0	0	0	0
1935	98304	0	0	0	0	0
1936	98304	0	0	0	0	0
1937	98304	0	0	0	0	0
1938	98304	1024	1024	2048	1024	0
1939	98304	0	0	0	0	0
1940	98304	0	0	0	0	0
1941	98304	0	0	0	0	0
1942	98304	0	0	0	0	0
1943	98304	0	0	0	0	0
1944	98304	0	0	0	0	0
1945	98304	3072	3072	6144	3072	0
1946	98304	0	0	0	0	0
1947	98304	0	0	0	0	0
1948	98304	0	0	0	0	0
1949	98304	0	0	0	0	0
1950	98304	0	0	0	0	0
1951	98304	1024	1024	2048	1024	0
1952	98304	0	0	0	0	0
1953	98304	0	0	0	0	0
1954	98304	0	0	0	0	0
1955	98304	0	0	0	0	0
1956	98304	2048	2048	4096	2048	0
1957	98304	0	0	0	0	0
1958	98304	0	0	0	0	0
1959	98304	0	0	0	0	0
1960	98304	0	0	0	0	0
1961	98304	0	0	0	0	0
1962	98304	0	0	0	0	0
1963	98304	1024	1024	2048	1024	0
1964	98304	0	0	0	0	0
1965	98304	0	0	0	0	0
1966	98304	0	0	0	0	0
1967	98304	0	0	0	0	0
1968	98304	3072	3072	6144	3072	0
1969	98304	0	0	0	0	0
1970	98304	0	0	0	0	0
1971	98304	0	0	0	0	0
1972	98304	0	0	0	0	0
1973	98304	0	0	0	0	0
1974	98304	0	0	0	0	0
1975	98304	1024	1024	2048	1024	0
1976	98304	0	0	0	0	0
1977	98304	0	0	0	0	0
1978	98304	0	0	0	0	0
1979	98304	0	0	0	0	0
1980	98304	2048	2048	4096	2048	0
1981	98304	0	0	0	0	0
1982	98304	0	0	0	0	0
1983	98304	0	0	0	0	0
1984	98304	0	0	0	0	0
1985	98304	0	0	0	0	0
1986	98304	1024	1024	2048	1024	0
1987	98304	0	0	0	0	0
1988	98304	0	0	0	0	0
1989	98304	0	0	0	0	0
1990	98304	0	0	0	0	0
1991	98304	0	0	0	0	0
1992	98304	0	0	0	0	0
1993	98304	3072	3072	6144	3072	0
1994	98304	0	0	0	0	0
1995	98304	0	0	0	0	0
1996	98304	0	0	0	0	0
1997	98304	0	0	0	0	0
1998	98304	1024	1024	2048	1024	0
1999	98304	0	0	0	0	0
2000	98304	0	0	0	0	0
2001	98304	0	0	0	0	0
2002	98304	0	0	0	0	0
2003	98304	0	0	0	0	0
2004	98304	0	0	0	0	0
2005	98304	2048	2048	4096	2048	0
2006	98304	0	0	0	0	0
2007	98304	0	0	0	0	0
2008	98304	0	0	0	0	0
2009	98304	0	0	0	0	0
2010	98304	1024	1024	2048	1024	0
2011	98304	0	0	0	0	0
2012	98304	0	0	0	0	0
2013	98304	0	0	0	0	0
2014	98304	0	0	0	0	0
2015	98304	0	0	0	0	0
2016	98304	3072	3072	6144	3072	0
2017	98304	0	0	0	0	0
2018	98304	0	0	0	0	0
2019	98304	0	0	0	0	0
2020	98304	0	0	0	0	0
2021	98304	0	0	0	0	0
2022	98304	0	0	0	0	0
2023	98304	1024	1024	2048	1024	0
2024	98304	0	0	0	0	0
2025	98304	0	0	0	0	0
2026	98304	0	0	0	0	0
2027	98304	0	0	0	0	0
2028	98304	2048	2048	4096	2048	0
2029	98304	0	0	0	0	0
2030	98304	0	0	0	0	0
2031	98304	0	0	0	0	0
2032	98304	0	0	0	0	0
2033	98304	0	0	0	0	0
2034	98304	0	0	0	0	0
2035	98304	1024	1024	2048	1024	0
2036	98304	0	0	0	0	0
2037	98304	0	0	0	0	0
2038	98304	0	0	0	0	0
2039	98304	0	0	0	0	0
2040	98304	3072	3072	6144	3072	0
2041	98304	0	0	0	0	0
2042	98304	0	0	0	0	0
2043	98304	0	0	0	0	0
2044	98304	0	0	0	0	0
2045	98304	0	0	0	0	0
2046	98304	1024	1024	2048	1024	0
2047	98304	0	0	0	0	0
2048	98304	0	0	0	0	0
2049	98304	0	0	0	0	0
2050	98304	0	0	0	0	0
2051	98304	0	0	0	0	0
2052	98304	0	0	0	0	0
2053	98304	2048	2048	4096	2048	0
2054	98304	0	0	0	0	0
2055	98304	0	0	0	0	0
2056	98304	0	0	0	0	0
2057	98304	0	0	0	0	0
2058	98304	1024	1024	2048	1024	0
2059	98304	0	0	0	0	0
2060	98304	0	0	0	0	0
2061	98304	0	0	0	0	0
2062	98304	0	0	0	0	0
2063	98304	0	0	0	0	0
2064	98304	0	0	0	0	0
2065	98304	3072	3072	6144	3072	0
2066	98304	0	0	0	0	0
2067	98304	0	0	0	0	0
2068	98304	0	0	0	0	0
2069	98304	0	0	0	0	0
2070	98304	1024	1024	2048	1024	0
2071	98304	0	0	0	0	0
2072	98304	0	0	0	0	0
2073	98304	0	0	0	0	0
2074	98304	0	0	0	0	0
2075	98304	0	0	0	0	0
2076	98304	2048	2048	4096	2048	0
2077	98304	0	0	0	0	0
2078	98304	0	0	0	0	0
2079	98304	0	0	0	0	0
2080	98304	0	0	0	0	0
2081	98304	0	0	0	0	0
2082	98304	0	0	0	0	0
2083	98304	1024	1024	2048	1024	0
2084	98304	0	0	0	0	0
2085	98304	0	0	0	0	0
2086	98304	0	0	0	0	0
2087	98304	0	0	0	0	0
2088	98304	3072	3072	6144	3072	0
2089	98304	0	0	0	0	0
2090	98304	0	0	0	0	0
2091	98304	0	0	0	0	0
2092	98304	0	0	0	0	0
2093	98304	0	0	0	0	0
2094	98304	0	0	0	0	0
2095	98304	1024	1024	2048	1024	0
2096	98304	0	0	0	0	0
2097	98304	0	0	0	0	0
2098	98304	0	0	0	0	0
2099	98304	0	0	0	0	0
2100	98304	2048	2048	4096	2048	0
2101	98304	0	0	0	0	0
2102	98304	0	0	0	0	0
2103	98304	0	0	0	0	0
2104	98304	0	0	0	0	0
2105	98304	0	0	0	0	0
2106	98304	1024	1024	2048	1024	0
2107	98304	0	0	0	0	0
2108	98304	0	0	0	0	0
2109	98304	0	0	0	0	0
2110	98304	0	0	0	0	0
2111	98304	0	0	0	0	0
2112	98304	0	0	0	0	0
2113	98304	3072	3072	6144	3072	0
2114	98304	0	0	0	0	0
2115	98304	0	0	0	0	0
2116	98304	0	0	0	0	0
2117	98304	0	0	0	0	0
2118	98304	1024	1024	2048	1024	0
2119	98304	0	0	0	0	0
2120	98304	0	0	0	0	0
2121	98304	0	0	0	0	0
2122	98304	0	0	0	0	0
2123	98304	0	0	0	0	0
2124	98304	0	0	0	0	0
2125	98304	2048	2048	4096	2048	0
2126	98304	0	0	0	0	0
2127	98304	0	0	0	0	0
2128	98304	0	0	0	0	0
2129	98304	0	0	0	0	0
2130	98304	1024	1024	2048	1024	0
2131	98304	0	0	0	0	0
2132	98304	0	0	0	0	0
2133	98304	0	0	0	0	0
2134	98304	0	0	0	0	0
2135	98304	0	0	0	0	0
2136	98304	3072	3072	6144	3072	0
2137	98304	0	0	0	0	0
2138	98304	0	0	0	0	0
2139	98304	0	0	0	0	0
2140	98304	0	0	0	0	0
2141	98304	0	0	0	0	0
2142	98304	0	0	0	0	0
2143	98304	1024	1024	2048	1024	0
2144	98304	0	0	0	0	0
2145	98304	0	0	0	0	0
2146	98304	0	0	0	0	0
2147	98304	0	0	0	0	0
2148	98304	2048	2048	4096	2048	0
2149	98304	0	0	0	0	0
2150	98304	0	0	0	0	0
2151	98304	0	0	0	0	0
2152	98304	0	0	0	0	0
2153	98304	0	0	0	0	0
2154	98304	0	0	0	0	0
2155	98304	1024	1024	2048	1024	0
2156	98304	0	0	0	0	0
2157	98304	0	0	0	0	0
2158	98304	0	0	0	0	0
2159	98304	0	0	0	0	0
2160	98304	3072	3072	6144	3072	0
2161	98304	0	0	0	0	0
2162	98304	0	0	0	0	0
2163	98304	0	0	0	0	0
2164	98304	0	0	0	0	0
2165	98304	0	0	0	0	0
2166	98304	1024	1024	2048	1024	0
2167	98304	0	0	0	0	0
2168	98304	0	0	0	0	0
2169	98304	0	0	0	0	0
2170	98304	0	0	0	0	0
2171	98304	0	0	0	0	0
2172	98304	0	0	0	0	0
2173	98304	2048	2048	4096	2048	0
2174	98304	0	0	0	0	0
2175	98304	0	0	0	0	0
2176	98304	0	0	0	0	0
2177	98304	0	0	0	0	0
2178	98304	1024	1024	2048	1024	0
2179	98304	0	0	0	0	0
2180	98304	0	0	0	0	0
2181	98304	0	0	0	0	0
2182	98304	0	0	0	0	0
2183	98304	0	0	0	0	0
2184	98304	0	0	0	0	0
2185	98304	3072	3072	6144	3072	0
2186	98304	0	0	0	0	0
2187	98304	0	0	0	0	0
2188	98304	0	0	0	0	0
2189	98304	0	0	0	0	0
2190	98304	1024	1024	2048	1024	0
2191	98304	0	0	0	0	0
2192	98304	0	0	0	0	0
2193	98304	0	0	0	0	0
2194	98304	0	0	0	0	0
2195	98304	0	0	0	0	0
2196	98304	2048	2048	4096	2048	0
2197	98304	0	0	0	0	0
2198	98304	0	0	0	0	0
2199	98304	0	0	0	0	0
2200	98304	0	0	0	0	0
2201	98304	0	0	0	0	0
2202	98304	0	0	0	0	0
2203	98304	1024	1024	2048	1024	0
2204	98304	0	0	0	0	0
2205	98304	0	0	0	0	0
2206	98304	0	0	0	0	0
2207	98304	0	0	0	0	0
2208	98304	3072	3072	6144	3072	0
2209	98304	0	0	0	0	0
2210	98304	0	0	0	0	0
2211	98304	0	0	0	0	0
2212	98304	0	0	0	0	0
2213	98304	0	0	0	0	0
2214	98304	0	0	0	0	0
2215	98304	1024	1024	2048	1024	0
2216	98304	0	0	0	0	0
2217	98304	0	0	0	0	0
2218	98304	0	0	0	0	0
2219	98304	0	0	0	0	0
2220	98304	2048	2048	4096	2048	0
2221	98304	0	0	0	0	0
2222	98304	0	0	0	0	0
2223	98304	0	0	0	0	0
2224	98304	0	0	0	0	0
2225	98304	0	0	0	0	0
2226	98304	1024	1024	2048	1024	0
2227	98304	0	0	0	0	0
2228	98304	0	0	0	0	0
2229	98304	0	0	0	0	0
2230	98304	0	0	0	0	0
2231	98304	0	0	0	0	0
2232	98304	0	0	0	0	0
2233	98304	3072	3072	6144	3072	0
2234	98304	0	0	0	0	0
2235	98304	0	0	0	0	0
2236	98304	0	0	0	0	0
2237	98304	0	0	0	0	0
2238	98304	1024	1024	2048	1024	0
2239	98304	0	0	0	0	0
2240	98304	0	0	0	0	0
2241	98304	0	0	0	0	0
2242	98304	0	0	0	0	0
2243	98304	0	0	0	0	0
2244	98304	0	0	0	0	0
2245	98304	2048	2048	4096	2048	0
2246	98304	0	0	0	0	0
2247	98304	0	0	0	0	0
2248	98304	0	0	0	0	0
2249	98304	0	0	0	0	0
2250	98304	1024	1024	2048	1024	0
2251	98304	0	0	0	0	0
2252	98304	0	0	0	0	0
2253	98304	0	0	0	0	0
2254	98304	0	0	0	0	0
2255	98304	0	0	0	0	0
2256	98304	3072	3072	6144	3072	0
2257	98304	0	0	0	0	0
2258	98304	0	0	0	0	0
2259	98304	0	0	0	0	0
2260	98304	0	0	0	0	0
2261	98304	0	0	0	0	0
2262	98304	0	0	0	0	0
2263	98304	1024	1024	2048	1024	0
2264	98304	0	0	0	0	0
2265	98304	0	0	0	0	0
2266	98304	0	0	0	0	0
2267	98304	0	0	0	0	0
2268	98304	2048	2048	4096	2048	0
2269	98304	0	0	0	0	0
2270	98304	0	0	0	0	0
2271	98304	0	0	0	0	0
2272	98304	0	0	0	0	0
2273	98304	0	0	0	0	0
2274	98304	0	0	0	0	0
2275	98304	1024	1048	2072	1024	24
2276	98304	0	24	24	0	24
2277	98304	0	24	24	0	24
2278	98304	0	24	24	0	24
2279	98304	0	24	24	0	24
2280	98304	3072	3120	6192	3072	48
2281	98304	0	48	48	0	48
2282	98304	0	48	48	0	48
2283	98304	0	54	54	0	54
2284	98304	0	48	48	0	48
2285	98304	0	72	72	0	72
2286	98304	1024	1096	2120	1024	72
2287	98304	0	72	72	0	72
2288	98304	0	72	72	0	72
2289	98304	0	72	72	0	72
2290	98304	0	96	96	0	96
2291	98304	0	96	96	0	96
2292	98304	0	96	96	0	96
2293	98304	2048	2144	4192	2048	96
2294	98304	0	120	120	0	120
2295	98304	0	120	120	0	120
2296	98304	0	108	108	0	108
2297	98304	0	96	96	0	96
2298	98304	1024	1120	2144	1024	96
2299	98304	0	120	120	0	120
2300	98304	0	120	120	0	120
2301	98304	0	96	96	0	96
2302	98304	0	96	96	0	96
2303	98304	0	96	96	0	96
2304	98304	0	120	120	0	120
2305	98304	3072	3192	6264	3072	120
2306	98304	0	96	96	0	96
2307	98304	0	96	96	0	96
2308	98304	0	96	96	0	96
2309	98304	0	120	120	0	120
2310	98304	1024	1120	2144	1024	96
2311	98304	0	96	96	0	96
2312	98304	0	108	108	0	108
2313	98304	0	185	185	0	185
2314	98304	0	185	185	0	185
2315	98304	0	226	226	0	226
2316	98304	2048	2264	4312	2048	216
2317	98304	0	216	216	0	216
2318	98304	0	300	300	0	300
2319	98304	0	300	300	0	300
2320	98304	0	336	336	0	336
2321	98304	0	336	336	0	336
2322	98304	0	420	420	0	420
2323	98304	1024	1469	2493	1024	445
2324	98304	0	421	421	0	421
2325	98304	0	486	486	0	486
2326	98304	0	486	486	0	486
2327	98304	0	575	575	0	575
2328	98304	3072	3612	6684	3072	540
2329	98304	0	576	576	0	576
2330	98304	0	576	576	0	576
2331	98304	0	688	688	0	688
2332	98304	0	688	688	0	688
2333	98304	0	692	692	0	692
2334	98304	0	840	840	0	840
2335	98304	1024	1908	2932	1024	884
2336	98304	0	985	985	0	985
2337	98304	0	1062	1062	0	1062
2338	98304	0	1115	1115	0	1115
2339	98304	0	1192	1192	0	1192
2340	98304	2048	3192	5240	2048	1144
2341	98304	0	1293	1293	0	1293
2342	98304	0	1286	1286	0	1286
2343	98304	0	1423	1423	0	1423
2344	98304	0	1500	1500	0	1500
2345	98304	0	1601	1601	0	1601
2346	98304	1024	2548	3572	1024	1524
2347	98304	0	1566	1566	0	1566
2348	98304	0	1566	1566	0	1566
2349	98304	0	1440	1440	0	1440
2350	98304	0	1524	1524	0	1524
2351	98304	0	1440	1440	0	1440
2352	98304	0	1500	1500	0	1500
2353	98304	3072	4433	7505	3072	1361
2354	98304	0	1385	1385	0	1385
2355	98304	0	1385	1385	0	1385
2356	98304	0	1361	1361	0	1361
2357	98304	0	1361	1361	0	1361
2358	98304	1024	2121	3145	1024	1097
2359	98304	0	1176	1176	0	1176
2360	98304	0	1097	1097	0	1097
2361	98304	0	1152	1152	0	1152
2362	98304	0	1196	1196	0	1196
2363	98304	0	1220	1220	0	1220
2364	98304	0	1220	1220	0	1220
2365	98304	2048	3039	5087	2048	991
2366	98304	0	991	991	0	991
2367	98304	0	908	908	0	908
2368	98304	0	949	949	0	949
2369	98304	0	842	842	0	842
2370	98304	0	859	859	0	859
2371	98304	1024	1762	2786	1024	738
2372	98304	0	740	740	0	740
2373	98304	0	730	730	0	730
2374	98304	0	544	544	0	544
2375	98304	0	533	533	0	533
2376	98304	3072	3448	6520	3072	376
2377	98304	0	440	440	0	440
2378	98304	0	376	376	0	376
2379	98304	0	416	416	0	416
2380	98304	0	416	416	0	416
2381	98304	0	440	440	0	440
2382	98304	0	440	440	0	440
2383	98304	1024	1440	2464	1024	416
2384	98304	0	416	416	0	416
2385	98304	0	376	376	0	376
2386	98304	0	400	400	0	400
2387	98304	0	336	336	0	336
2388	98304	2048	2354	4402	2048	306
2389	98304	0	306	306	0	306
2390	98304	0	295	295	0	295
2391	98304	0	270	270	0	270
2392	98304	0	216	216	0	216
2393	98304	0	216	216	0	216
2394	98304	0	186	186	0	186
2395	98304	1024	1234	2258	1024	210
2396	98304	0	210	210	0	210
2397	98304	0	156	156	0	156
2398	98304	0	156	156	0	156
2399	98304	0	150	150	0	150
2400	98304	0	150	150	0	150
2401	98304	3072	3180	6252	3072	108
2402	98304	0	96	96	0	96
2403	98304	0	96	96	0	96
2404	98304	0	120	120	0	120
2405	98304	0	120	120	0	120
2406	98304	1024	1120	2144	1024	96
2407	98304	0	96	96	0	96
2408	98304	0	96	96	0	96
2409	98304	0	120	120	0	120
2410	98304	0	120	120	0	120
2411	98304	0	96	96	0	96
2412	98304	0	96	96	0	96
2413	98304	2048	2168	4216	2048	120
2414	98304	0	120	120	0	120
2415	98304	0	96	96	0	96
2416	98304	0	96	96	0	96
2417	98304	0	108	108	0	108
2418	98304	1024	1144	2168	1024	120
2419	98304	0	120	120	0	120
2420	98304	0	96	96	0	96
2421	98304	0	96	96	0	96
2422	98304	0	96	96	0	96
2423	98304	0	96	96	0	96
2424	98304	0	96	96	0	96
2425	98304	3072	3144	6216	3072	72
2426	98304	0	72	72	0	72
2427	98304	0	72	72	0	72
2428	98304	0	72	72	0	72
2429	98304	0	72	72	0	72
2430	98304	0	48	48	0	48
2431	98304	1024	1066	2090	1024	42
2432	98304	0	42	42	0	42
2433	98304	0	42	42	0	42
2434	98304	0	21	21	0	21
2435	98304	0	21	21	0	21
2436	98304	2048	2069	4117	2048	21
2437	98304	0	21	21	0	21
2438	98304	0	21	21	0	21
2439	98304	0	0	0	0	0
2440	98304	0	0	0	0	0
2441	98304	0	0	0	0	0
2442	98304	0	0	0	0	0
2443	98304	1024	1024	2048	1024	0
2444	98304	0	0	0	0	0
2445	98304	0	0	0	0	0
2446	98304	0	0	0	0	0
2447	98304	0	0	0	0	0
2448	98304	3072	3072	6144	3072	0
2449	98304	0	0	0	0	0
2450	98304	0	0	0	0	0
2451	98304	0	0	0	0	0
2452	98304	0	0	0	0	0
2453	98304	0	0	0	0	0
2454	98304	0	0	0	0	0
2455	98304	1024	1024	2048	1024	0
2456	98304	0	0	0	0	0
2457	98304	0	0	0	0	0
2458	98304	0	0	0	0	0
2459	98304	0	0	0	0	0
2460	98304	0	0	0	0	0
2461	98304	2048	2048	4096	2048	0
2462	98304	0	0	0	0	0
2463	98304	0	0	0	0	0
2464	98304	0	0	0	0	0
2465	98304	0	0	0	0	0
2466	98304	1024	1024	2048	1024	0
2467	98304	0	0	0	0	0
2468	98304	0	0	0	0	0
2469	98304	0	0	0	0	0
2470	98304	0	0	0	0	0
2471	98304	0	0	0	0	0
2472	98304	0	0	0	0	0
2473	98304	3072	3072	6144	3072	0
2474	98304	0	0	0	0	0
2475	98304	0	0	0	0	0
2476	98304	0	0	0	0	0
2477	98304	0	0	0	0	0
2478	98304	1024	1024	2048	1024	0
2479	98304	0	0	0	0	0
2480	98304	0	0	0	0	0
2481	98304	0	0	0	0	0
2482	98304	0	0	0	0	0
2483	98304	0	0	0	0	0
2484	98304	0	0	0	0	0
2485	98304	2048	2048	4096	2048	0
2486	98304	0	0	0	0	0
2487	98304	0	0	0	0	0
2488	98304	0	0	0	0	0
2489	98304	0	0	0	0	0
2490	98304	0	0	0	0	0
2491	98304	1024	1024	2048	1024	0
2492	98304	0	0	0	0	0
2493	98304	0	0	0	0	0
2494	98304	0	0	0	0	0
2495	98304	0	0	0	0	0
2496	98304	3072	3072	6144	3072	0
2497	98304	0	0	0	0	0
2498	98304	0	0	0	0	0
2499	98304	0	0	0	0	0
2500	98304	0	0	0	0	0
2501	98304	0	0	0	0	0
2502	98304	0	0	0	0	0
2503	98304	1024	1024	2048	1024	0
2504	98304	0	0	0	0	0
2505	98304	0	0	0	0	0
2506	98304	0	0	0	0	0
2507	98304	0	0	0	0	0
2508	98304	2048	2048	4096	2048	0
2509	98304	0	0	0	0	0
2510	98304	0	0	0	0	0
2511	98304	0	0	0	0	0
2512	98304	0	0	0	0	0
2513	98304	0	0	0	0	0
2514	98304	0	0	0	0	0
2515	98304	1024	1024	2048	1024	0
2516	98304	0	0	0	0	0
2517	98304	0	0	0	0	0
2518	98304	0	0	0	0	0
2519	98304	0	0	0	0	0
2520	98304	0	0	0	0	0
2521	98304	3072	3072	6144	3072	0
2522	98304	0	0	0	0	0
2523	98304	0	0	0	0	0
2524	98304	0	0	0	0	0
2525	98304	0	0	0	0	0
2526	98304	1024	1024	2048	1024	0
2527	98304	0	0	0	0	0
2528	98304	0	0	0	0	0
2529	98304	0	0	0	0	0
2530	98304	0	0	0	0	0
2531	98304	0	0	0	0	0
2532	98304	0	0	0	0	0
2533	98304	2048	2048	4096	2048	0
2534	98304	0	0	0	0	0
2535	98304	0	0	0	0	0
2536	98304	0	0	0	0	0
2537	98304	0	0	0	0	0
2538	98304	1024	1024	2048	1024	0
2539	98304	0	0	0	0	0
2540	98304	0	0	0	0	0
2541	98304	0	0	0	0	0
2542	98304	0	0	0	0	0
2543	98304	0	0	0	0	0
2544	98304	0	0	0	0	0
2545	98304	3072	3072	6144	3072	0
2546	98304	0	0	0	0	0
2547	98304	0	0	0	0	0
2548	98304	0	0	0	0	0
2549	98304	0	0	0	0	0
2550	98304	0	0	0	0	0
2551	98304	1024	1024	2048	1024	0
2552	98304	0	0	0	0	0
2553	98304	0	0	0	0	0
2554	98304	0	0	0	0	0
2555	98304	0	0	0	0	0
2556	98304	2048	2048	4096	2048	0
2557	98304	0	0	0	0	0
2558	98304	0	0	0	0	0
2559	98304	0	0	0	0	0
2560	98304	0	0	0	0	0
2561	98304	0	0	0	0	0
2562	98304	1024	1024	2048	1024	0
2563	98304	0	0	0	0	0
2564	98304	0	0	0	0	0
2565	98304	0	0	0	0	0
2566	98304	0	0	0	0	0
2567	98304	0	0	0	0	0
2568	98304	0	0	0	0	0
2569	98304	3072	3072	6144	3072	0
2570	98304	0	0	0	0	0
2571	98304	0	0	0	0	0
2572	98304	0	0	0	0	0
2573	98304	0	0	0	0	0
2574	98304	0	0	0	0	0
2575	98304	1024	1024	2048	1024	0
2576	98304	0	0	0	0	0
2577	98304	0	0	0	0	0
2578	98304	0	0	0	0	0
2579	98304	0	0	0	0	0
2580	98304	0	0	0	0	0
2581	98304	2048	2048	4096	2048	0
2582	98304	0	0	0	0	0
2583	98304	0	0	0	0	0
2584	98304	0	0	0	0	0
2585	98304	0	0	0	0	0
2586	98304	1024	1024	2048	1024	0
2587	98304	0	0	0	0	0
2588	98304	0	0	0	0	0
2589	98304	0	0	0	0	0
2590	98304	0	0	0	0	0
2591	98304	0	0	0	0	0
2592	98304	3072	3072	6144	3072	0
2593	98304	0	0	0	0	0
2594	98304	0	0	0	0	0
2595	98304	0	0	0	0	0
2596	98304	0	0	0	0	0
2597	98304	0	0	0	0	0
2598	98304	0	0	0	0	0
2599	98304	1024	1024	2048	1024	0
2600	98304	0	0	0	0	0
2601	98304	0	0	0	0	0
2602	98304	0	0	0	0	0
2603	98304	0	0	0	0	0
2604	98304	0	0	0	0	0
2605	98304	2048	2048	4096	2048	0
2606	98304	0	0	0	0	0
2607	98304	0	0	0	0	0
2608	98304	0	0	0	0	0
2609	98304	0	0	0	0	0
2610	98304	0	0	0	0	0
2611	98304	1024	1024	2048	1024	0
2612	98304	0	0	0	0	0
2613	98304	0	0	0	0	0
2614	98304	0	0	0	0	0
2615	98304	0	0	0	0	0
2616	98304	3072	3072	6144	3072	0
2617	98304	0	0	0	0	0
2618	98304	0	0	0	0	0
2619	98304	0	0	0	0	0
2620	98304	0	0	0	0	0
2621	98304	0	0	0	0	0
2622	98304	1024	1024	2048	1024	0
2623	98304	0	0	0	0	0
2624	98304	0	0	0	0	0
2625	98304	0	0	0	0	0
2626	98304	0	0	0	0	0
2627	98304	0	0	0	0	0
2628	98304	0	0	0	0	0
2629	98304	2048	2048	4096	2048	0
2630	98304	0	0	0	0	0
2631	98304	0	0	0	0	0
2632	98304	0	0	0	0	0
2633	98304	0	0	0	0	0
2634	98304	0	0	0	0	0
2635	98304	1024	1024	2048	1024	0
2636	98304	0	0	0	0	0
2637	98304	0	0	0	0	0
2638	98304	0	0	0	0	0
2639	98304	0	0	0	0	0
2640	98304	0	0	0	0	0
2641	98304	3072	3072	6144	3072	0
2642	98304	0	0	0	0	0
2643	98304	0	0	0	0	0
2644	98304	0	0	0	0	0
2645	98304	0	0	0	0	0
2646	98304	1024	1024	2048	1024	0
2647	98304	0	0	0	0	0
2648	98304	0	0	0	0	0
2649	98304	0	0	0	0	0
2650	98304	0	0	0	0	0
2651	98304	0	0	0	0	0
2652	98304	2048	2048	4096	2048	0
2653	98304	0	0	0	0	0
2654	98304	0	0	0	0	0
2655	98304	0	0	0	0	0
2656	98304	0	0	0	0	0
2657	98304	0	0	0	0	0
2658	98304	0	0	0	0	0
2659	98304	1024	1024	2048	1024	0
2660	98304	0	0	0	0	0
2661	98304	0	0	0	0	0
2662	98304	0	0	0	0	0
2663	98304	0	0	0	0	0
2664	98304	0	0	0	0	0
2665	98304	3072	3072	6144	3072	0
2666	98304	0	0	0	0	0
2667	98304	0	0	0	0	0
2668	98304	0	0	0	0	0
2669	98304	0	0	0	0	0
2670	98304	0	0	0	0	0
2671	98304	1024	1024	2048	1024	0
2672	98304	0	0	0	0	0
2673	98304	0	0	0	0	0
2674	98304	0	0	0	0	0
2675	98304	0	0	0	0	0
2676	98304	2048	2048	4096	2048	0
2677	98304	0	0	0	0	0
2678	98304	0	0	0	0	0
2679	98304	0	0	0	0	0
2680	98304	0	0	0	0	0
2681	98304	0	0	0	0	0
2682	98304	1024	1024	2048	1024	0
2683	98304	0	0	0	0	0
2684	98304	0	0	0	0	0
2685	98304	0	0	0	0	0
2686	98304	0	0	0	0	0
2687	98304	0	0	0	0	0
2688	98304	0	0	0	0	0
2689	98304	3072	3072	6144	3072	0
2690	98304	0	0	0	0	0
2691	98304	0	0	0	0	0
2692	98304	0	0	0	0	0
2693	98304	0	0	0	0	0
2694	98304	0	0	0	0	0
2695	98304	1024	1024	2048	1024	0
2696	98304	0	0	0	0	0
2697	98304	0	0	0	0	0
2698	98304	0	0	0	0	0
2699	98304	0	0	0	0	0
2700	98304	0	0	0	0	0
2701	98304	2048	2048	4096	2048	0
2702	98304	0	0	0	0	0
2703	98304	0	0	0	0	0
2704	98304	0	0	0	0	0
2705	98304	0	0	0	0	0
2706	98304	1024	1024	2048	1024	0
2707	98304	0	0	0	0	0
2708	98304	0	0	0	0	0
2709	98304	0	0	0	0	0
2710	98304	0	0	0	0	0
2711	98304	0	0	0	0	0
2712	98304	3072	3072	6144	3072	0
2713	98304	0	0	0	0	0
2714	98304	0	0	0	0	0
2715	98304	0	0	0	0	0
2716	98304	0	0	0	0	0
2717	98304	0	0	0	0	0
2718	98304	0	0	0	0	0
2719	98304	1024	1024	2048	1024	0
2720	98304	0	0	0	0	0
2721	98304	0	0	0	0	0
2722	98304	0	0	0	0	0
2723	98304	0	0	0	0	0
2724	98304	0	0	0	0	0
2725	98304	2048	2048	4096	2048	0
2726	98304	0	0	0	0	0
2727	98304	0	0	0	0	0
2728	98304	0	0	0	0	0
2729	98304	0	0	0	0	0
2730	98304	0	0	0	0	0
2731	98304	1024	1024	2048	1024	0
2732	98304	0	0	0	0	0
2733	98304	0	0	0	0	0
2734	98304	0	0	0	0	0
2735	98304	0	0	0	0	0
2736	98304	3072	3072	6144	3072	0
2737	98304	0	0	0	0	0
2738	98304	0	0	0	0	0
2739	98304	0	0	0	0	0
2740	98304	0	0	0	0	0
2741	98304	0	0	0	0	0
2742	98304	1024	1024	2048	1024	0
2743	98304	0	0	0	0	0
2744	98304	0	0	0	0	0
2745	98304	0	0	0	0	0
2746	98304	0	0	0	0	0
2747	98304	0	0	0	0	0
2748	98304	0	0	0	0	0
2749	98304	2048	2048	4096	2048	0
2750	98304	0	0	0	0	0
2751	98304	0	0	0	0	0
2752	98304	0	0	0	0	0
2753	98304	0	0	0	0	0
2754	98304	0	0	0	0	0
2755	98304	1024	1024	2048	1024	0
2756	98304	0	0	0	0	0
2757	98304	0	0	0	0	0
2758	98304	0	0	0	0	0
2759	98304	0	0	0	0	0
2760	98304	3072	3072	6144	3072	0
2761	98304	0	0	0	0	0
2762	98304	0	0	0	0	0
2763	98304	0	0	0	0	0
2764	98304	0	0	0	0	0
2765	98304	0	0	0	0	0
2766	98304	1024	1024	2048	1024	0
2767	98304	0	0	0	0	0
2768	98304	0	0	0	0	0
2769	98304	0	0	0	0	0
2770	98304	0	0	0	0	0
2771	98304	0	0	0	0	0
2772	98304	2048	2048	4096	2048	0
2773	98304	0	0	0	0	0
2774	98304	0	0	0	0	0
2775	98304	0	0	0	0	0
2776	98304	0	0	0	0	0
2777	98304	0	0	0	0	0
2778	98304	0	0	0	0	0
2779	98304	1024	1024	2048	1024	0
2780	98304	0	0	0	0	0
2781	98304	0	0	0	0	0
2782	98304	0	0	0	0	0
2783	98304	0	0	0	0	0
2784	98304	0	0	0	0	0
2785	98304	3072	3072	6144	3072	0
2786	98304	0	0	0	0	0
2787	98304	0	0	0	0	0
2788	98304	0	0	0	0	0
2789	98304	0	0	0	0	0
2790	98304	1024	1024	2048	1024	0
2791	98304	0	0	0	0	0
2792	98304	0	0	0	0	0
2793	98304	0	0	0	0	0
2794	98304	0	0	0	0	0
2795	98304	0	0	0	0	0
2796	98304	2048	2048	4096	2048	0
2797	98304	0	0	0	0	0
2798	98304	0	0	0	0	0
2799	98304	0	0	0	0	0
2800	98304	0	0	0	0	0
2801	98304	0	0	0	0	0
2802	98304	1024	1024	2048	1024	0
2803	98304	0	0	0	0	0
2804	98304	0	0	0	0	0
2805	98304	0	0	0	0	0
2806	98304	0	0	0	0	0
2807	98304	0	0	0	0	0
2808	98304	0	0	0	0	0
2809	98304	3072	3072	6144	3072	0
2810	98304	0	0	0	0	0
2811	98304	0	0	0	0	0
2812	98304	0	0	0	0	0
2813	98304	0	0	0	0	0
2814	98304	0	0	0	0	0
2815	98304	1024	1024	2048	1024	0
2816	98304	0	0	0	0	0
2817	98304	0	0	0	0	0
2818	98304	0	0	0	0	0
2819	98304	0	0	0	0	0
2820	98304	2048	2048	4096	2048	0
2821	98304	0	0	0	0	0
2822	98304	0	0	0	0	0
2823	98304	0	0	0	0	0
2824	98304	0	0	0	0	0
2825	98304	0	0	0	0	0
2826	98304	1024	1024	2048	1024	0
2827	98304	0	0	0	0	0
2828	98304	0	0	0	0	0
2829	98304	0	0	0	0	0
2830	98304	0	0	0	0	0
2831	98304	0	0	0	0	0
2832	98304	3072	3072	6144	3072	0
2833	98304	0	0	0	0	0
2834	98304	0	0	0	0	0
2835	98304	0	0	0	0	0
2836	98304	0	0	0	0	0
2837	98304	0	0	0	0	0
2838	98304	0	0	0	0	0
2839	98304	1024	1024	2048	1024	0
2840	98304	0	0	0	0	0
2841	98304	0	0	0	0	0
2842	98304	0	0	0	0	0
2843	98304	0	0	0	0	0
2844	98304	0	0	0	0	0
2845	98304	2048	2048	4096	2048	0
2846	98304	0	0	0	0	0
2847	98304	0	0	0	0	0
2848	98304	0	0	0	0	0
2849	98304	0	0	0	0	0
2850	98304	1024	1024	2048	1024	0
2851	98304	0	0	0	0	0
2852	98304	0	0	0	0	0
2853	98304	0	0	0	0	0
2854	98304	0	0	0	0	0
2855	98304	0	0	0	0	0
2856	98304	3072	3072	6144	3072	0
2857	98304	0	0	0	0	0
2858	98304	0	0	0	0	0
2859	98304	0	0	0	0	0
2860	98304	0	0	0	0	0
2861	98304	0	0	0	0	0
2862	98304	1024	1024	2048	1024	0
2863	98304	0	0	0	0	0
2864	98304	0	0	0	0	0
2865	98304	0	0	0	0	0
2866	98304	0	0	0	0	0
2867	98304	0	0	0	0	0
2868	98304	0	0	0	0	0
2869	98304	2048	2048	4096	2048	0
2870	98304	0	0	0	0	0
2871	98304	0	0	0	0	0
2872	98304	0	0	0	0	0
2873	98304	0	0	0	0	0
2874	98304	0	0	0	0	0
2875	98304	1024	1024	2048	1024	0
2876	98304	0	0	0	0	0
2877	98304	0	0	0	0	0
2878	98304	0	0	0	0	0
2879	98304	0	0	0	0	0
2880	98304	3072	3072	6144	3072	0
2881	98304	0	0	0	0	0
2882	98304	0	0	0	0	0
2883	98304	0	0	0	0	0
2884	98304	0	0	0	0	0
2885	98304	0	0	0	0	0
2886	98304	1024	1024	2048	1024	0
2887	98304	0	0	0	0	0
2888	98304	0	0	0	0	0
2889	98304	0	0	0	0	0
2890	98304	0	0	0	0	0
2891	98304	0	0	0	0	0
2892	98304	2048	2048	4096	2048	0
2893	98304	0	0	0	0	0
2894	98304	0	0	0	0	0
2895	98304	0	0	0	0	0
2896	98304	0	0	0	0	0
2897	98304	0	0	0	0	0
2898	98304	0	0	0	0	0
2899	98304	1024	1024	2048	1024	0
2900	98304	0	0	0	0	0
2901	98304	0	0	0	0	0
2902	98304	0	0	0	0	0
2903	98304	0	0	0	0	0
2904	98304	0	0	0	0	0
2905	98304	3072	3072	6144	3072	0
2906	98304	0	0	0	0	0
2907	98304	0	0	0	0	0
2908	98304	0	0	0	0	0
2909	98304	0	0	0	0	0
2910	98304	1024	1024	2048	1024	0
2911	98304	0	0	0	0	0
2912	98304	0	0	0	0	0
2913	98304	0	0	0	0	0
2914	98304	0	0	0	0	0
2915	98304	0	0	0	0	0
2916	98304	2048	2048	4096	2048	0
2917	98304	0	0	0	0	0
2918	98304	0	0	0	0	0
2919	98304	0	0	0	0	0
2920	98304	0	0	0	0	0
2921	98304	0	0	0	0	0
2922	98304	1024	1024	2048	1024	0
2923	98304	0	0	0	0	0
2924	98304	0	0	0	0	0
2925	98304	0	0	0	0	0
2926	98304	0	0	0	0	0
2927	98304	0	0	0	0	0
2928	98304	0	0	0	0	0
2929	98304	3072	3072	6144	3072	0
2930	98304	0	0	0	0	0
2931	98304	0	0	0	0	0
2932	98304	0	0	0	0	0
2933	98304	0	0	0	0	0
2934	98304	0	0	0	0	0
2935	98304	1024	1024	2048	1024	0
2936	98304	0	0	0	0	0
2937	98304	0	0	0	0	0
2938	98304	0	0	0	0	0
2939	98304	0	0	0	0	0
2940	98304	2048	2048	4096	2048	0
2941	98304	0	0	0	0	0
2942	98304	0	0	0	0	0
2943	98304	0	0	0	0	0
2944	98304	0	0	0	0	0
2945	98304	0	0	0	0	0
2946	98304	1024	1024	2048	1024	0
2947	98304	0	0	0	0	0
2948	98304	0	0	0	0	0
2949	98304	0	0	0	0	0
2950	98304	0	0	0	0	0
2951	98304	0	0	0	0	0
2952	98304	3072	3072	6144	3072	0
2953	98304	0	0	0	0	0
2954	98304	0	0	0	0	0
2955	98304	0	0	0	0	0
2956	98304	0	0	0	0	0
2957	98304	0	0	0	0	0
2958	98304	0	0	0	0	0
2959	98304	1024	1024	2048	1024	0
2960	98304	0	0	0	0	0
2961	98304	0	0	0	0	0
2962	98304	0	0	0	0	0
2963	98304	0	0	0	0	0
2964	98304	0	0	0	0	0
2965	98304	2048	2048	4096	2048	0
2966	98304	0	0	0	0	0
2967	98304	0	0	0	0	0
2968	98304	0	0	0	0	0
2969	98304	0	0	0	0	0
2970	98304	1024	1024	2048	1024	0
2971	98304	0	0	0	0	0
2972	98304	0	0	0	0	0
2973	98304	0	0	0	0	0
2974	98304	0	0	0	0	0
2975	98304	0	0	0	0	0
2976	98304	3072	3072	6144	3072	0
2977	98304	0	0	0	0	0
2978	98304	0	0	0	0	0
2979	98304	0	0	0	0	0
2980	98304	0	0	0	0	0
2981	98304	0	0	0	0	0
2982	98304	1024	1024	2048	1024	0
2983	98304	0	0	0	0	0
2984	98304	0	0	0	0	0
2985	98304	0	0	0	0	0
2986	98304	0	0	0	0	0
2987	98304	0	0	0	0	0
2988	98304	0	0	0	0	0
2989	98304	2048	2048	4096	2048	0
2990	98304	0	0	0	0	0
2991	98304	0	0	0	0	0
2992	98304	0	0	0	0	0
2993	98304	0	0	0	0	0
2994	98304	0	0	0	0	0
2995	98304	1024	1024	2048	1024	0
2996	98304	0	0	0	0	0
2997	98304	0	0	0	0	0
2998	98304	0	0	0	0	0
2999	98304	0	0	0	0	0
3000	98304	3072	3072	6144	3072	0
3001	98304	0	0	0	0	0
3002	98304	0	0	0	0	0
3003	98304	0	0	0	0	0
3004	98304	0	0	0	0	0
3005	98304	0	0	0	0	0
3006	98304	1024	1024	2048	1024	0
3007	98304	0	0	0	0	0
3008	98304	0	0	0	0	0
3009	98304	0	0	0	0	0
3010	98304	0	0	0	0	0
3011	98304	0	0	0	0	0
3012	98304	2048	2048	4096	2048	0
3013	98304	0	0	0	0	0
3014	98304	0	0	0	0	0
3015	98304	0	0	0	0	0
3016	98304	0	0	0	0	0
3017	98304	0	0	0	0	0
3018	98304	0	0	0	0	0
3019	98304	1024	1024	2048	1024	0
3020	98304	0	0	0	0	0
3021	98304	0	0	0	0	0
3022	98304	0	0	0	0	0
3023	98304	0	0	0	0	0
3024	98304	0	0	0	0	0
3025	98304	3072	3072	6144	3072	0
3026	98304	0	0	0	0	0
3027	98304	0	0	0	0	0
3028	98304	0	0	0	0	0
3029	98304	0	0	0	0	0
3030	98304	1024	1024	2048	1024	0
3031	98304	0	0	0	0	0
3032	98304	0	0	0	0	0
3033	98304	0	0	0	0	0
3034	98304	0	0	0	0	0
3035	98304	0	0	0	0	0
3036	98304	2048	2048	4096	2048	0
3037	98304	0	0	0	0	0
3038	98304	0	0	0	0	0
3039	98304	0	0	0	0	0
3040	98304	0	0	0	0	0
3041	98304	0	0	0	0	0
3042	98304	1024	1024	2048	1024	0
3043	98304	0	0	0	0	0
3044	98304	0	0	0	0	0
3045	98304	0	0	0	0	0
3046	98304	0	0	0	0	0
3047	98304	0	0	0	0	0
3048	98304	0	0	0	0	0
3049	98304	3072	3072	6144	3072	0
3050	98304	0	0	0	0	0
3051	98304	0	0	0	0	0
3052	98304	0	0	0	0	0
3053	98304	0	0	0	0	0
3054	98304	0	0	0	0	0
3055	98304	1024	1024	2048	1024	0
3056	98304	0	0	0	0	0
3057	98304	0	0	0	0	0
3058	98304	0	0	0	0	0
3059	98304	0	0	0	0	0
3060	98304	2048	2048	4096	2048	0
3061	98304	0	0	0	0	0
3062	98304	0	0	0	0	0
3063	98304	0	0	0	0	0
3064	98304	0	0	0	0	0
3065	98304	0	0	0	0	0
3066	98304	1024	1024	2048	1024	0
3067	98304	0	0	0	0	0
3068	98304	0	0	0	0	0
3069	98304	0	0	0	0	0
3070	98304	0	0	0	0	0
3071	98304	0	0	0	0	0
3072	98304	3072	3072	6144	3072	0
3073	98304	0	0	0	0	0
3074	98304	0	0	0	0	0
3075	98304	0	0	0	0	0
3076	98304	0	0	0	0	0
3077	98304	0	0	0	0	0
3078	98304	0	0	0	0	0
3079	98304	1024	1024	2048	1024	0
3080	98304	0	0	0	0	0
3081	98304	0	0	0	0	0
3082	98304	0	0	0	0	0
3083	98304	0	0	0	0	0
3084	98304	0	0	0	0	0
3085	98304	2048	2048	4096	2048	0
3086	98304	0	0	0	0	0
3087	98304	0	0	0	0	0
3088	98304	0	0	0	0	0
3089	98304	0	0	0	0	0
3090	98304	1024	1024	2048	1024	0
3091	98304	0	0	0	0	0
3092	98304	0	0	0	0	0
3093	98304	0	0	0	0	0
3094	98304	0	0	0	0	0
3095	98304	0	0	0	0	0
3096	98304	3072	3072	6144	3072	0
3097	98304	0	0	0	0	0
3098	98304	0	0	0	0	0
3099	98304	0	0	0	0	0
3100	98304	0	0	0	0	0
3101	98304	0	0	0	0	0
3102	98304	1024	1024	2048	1024	0
3103	98304	0	0	0	0	0
3104	98304	0	0	0	0	0
3105	98304	0	0	0	0	0
3106	98304	0	0	0	0	0
3107	98304	0	0	0	0	0
3108	98304	0	0	0	0	0
3109	98304	2048	2048	4096	2048	0
3110	98304	0	0	0	0	0
3111	98304	0	0	0	0	0
3112	98304	0	0	0	0	0
3113	98304	0	0	0	0	0
3114	98304	0	0	0	0	0
3115	98304	1024	1024	2048	1024	0
3116	98304	0	0	0	0	0
3117	98304	0	0	0	0	0
3118	98304	0	0	0	0	0
3119	98304	0	0	0	0	0
3120	98304	3072	3072	6144	3072	0
3121	98304	0	0	0	0	0
3122	98304	0	0	0	0	0
3123	98304	0	0	0	0	0
3124	98304	0	0	0	0	0
3125	98304	0	0	0	0	0
3126	98304	1024	1024	2048	1024	0
3127	98304	0	0	0	0	0
3128	98304	0	0	0	0	0
3129	98304	0	0	0	0	0
3130	98304	0	0	0	0	0
3131	98304	0	0	0	0	0
3132	98304	2048	2048	4096	2048	0
3133	98304	0	0	0	0	0
3134	98304	0	0	0	0	0
3135	98304	0	0	0	0	0
3136	98304	0	0	0	0	0
3137	98304	0	0	0	0	0
3138	98304	0	0	0	0	0
3139	98304	1024	1024	2048	1024	0
3140	98304	0	0	0	0	0
3141	98304	0	0	0	0	0
3142	98304	0	0	0	0	0
3143	98304	0	0	0	0	0
3144	98304	0	0	0	0	0
3145	98304	3072	3072	6144	3072	0
3146	98304	0	0	0	0	0
3147	98304	0	0	0	0	0
3148	98304	0	0	0	0	0
3149	98304	0	0	0	0	0
3150	98304	1024	1024	2048	1024	0
3151	98304	0	0	0	0	0
3152	98304	0	0	0	0	0
3153	98304	0	0	0	0	0
3154	98304	0	0	0	0	0
3155	98304	0	0	0	0	0
3156	98304	2048	2048	4096	2048	0
3157	98304	0	0	0	0	0
3158	98304	0	0	0	0	0
3159	98304	0	0	0	0	0
3160	98304	0	0	0	0	0
3161	98304	0	0	0	0	0
3162	98304	1024	1024	2048	1024	0
3163	98304	0	0	0	0	0
3164	98304	0	0	0	0	0
3165	98304	0	0	0	0	0
3166	98304	0	0	0	0	0
3167	98304	0	0	0	0	0
3168	98304	0	0	0	0	0
3169	98304	3072	3072	6144	3072	0
3170	98304	0	0	0	0	0
3171	98304	0	0	0	0	0
3172	98304	0	0	0	0	0
3173	98304	0	0	0	0	0
3174	98304	0	0	0	0	0
3175	98304	1024	1024	2048	1024	0
3176	98304	0	0	0	0	0
3177	98304	0	0	0	0	0
3178	98304	0	0	0	0	0
3179	98304	0	0	0	0	0
3180	98304	2048	2048	4096	2048	0
3181	98304	0	0	0	0	0
3182	98304	0	0	0	0	0
3183	98304	0	0	0	0	0
3184	98304	0	0	0	0	0
3185	98304	0	0	0	0	0
3186	98304	1024	1024	2048	1024	0
3187	98304	0	0	0	0	0
3188	98304	0	0	0	0	0
3189	98304	0	0	0	0	0
3190	98304	0	0	0	0	0
3191	98304	0	0	0	0	0
3192	98304	3072	3072	6144	3072	0
3193	98304	0	0	0	0	0
3194	98304	0	0	0	0	0
3195	98304	0	0	0	0	0
3196	98304	0	0	0	0	0
3197	98304	0	0	0	0	0
3198	98304	0	0	0	0	0
3199	98304	1024	1024	2048	1024	0
3200	98304	0	0	0	0	0
3201	98304	0	0	0	0	0
3202	98304	0	0	0	0	0
3203	98304	0	0	0	0	0
3204	98304	0	0	0	0	0
3205	98304	2048	2048	4096	2048	0
3206	98304	0	0	0	0	0
3207	98304	0	0	0	0	0
3208	98304	0	0	0	0	0
3209	98304	0	0	0	0	0
3210	98304	1024	1024	2048	1024	0
3211	98304	0	0	0	0	0
3212	98304	0	0	0	0	0
3213	98304	0	0	0	0	0
3214	98304	0	0	0	0	0
3215	98304	0	0	0	0	0
3216	98304	3072	3072	6144	3072	0
3217	98304	0	0	0	0	0
3218	98304	0	0	0	0	0
3219	98304	0	0	0	0	0
3220	98304	0	0	0	0	0
3221	98304	0	0	0	0	0
3222	98304	1024	1024	2048	1024	0
3223	98304	0	0	0	0	0
3224	98304	0	0	0	0	0
3225	98304	0	0	0	0	0
3226	98304	0	0	0	0	0
3227	98304	0	0	0	0	0
3228	98304	0	0	0	0	0
3229	98304	2048	2048	4096	2048	0
3230	98304	0	0	0	0	0
3231	98304	0	0	0	0	0
3232	98304	0	0	0	0	0
3233	98304	0	0	0	0	0
3234	98304	0	0	0	0	0
3235	98304	1024	1024	2048	1024	0
3236	98304	0	0	0	0	0
3237	98304	0	0	0	0	0
3238	98304	0	0	0	0	0
3239	98304	0	0	0	0	0
3240	98304	3072	3072	6144	3072	0
3241	98304	0	0	0	0	0
3242	98304	0	0	0	0	0
3243	98304	0	0	0	0	0
3244	98304	0	0	0	0	0
3245	98304	0	0	0	0	0
3246	98304	1024	1024	2048	1024	0
3247	98304	0	0	0	0	0
3248	98304	0	0	0	0	0
3249	98304	0	0	0	0	0
3250	98304	0	0	0	0	0
3251	98304	0	0	0	0	0
3252	98304	2048	2048	4096	2048	0
3253	98304	0	0	0	0	0
3254	98304	0	0	0	0	0
3255	98304	0	0	0	0	0
3256	98304	0	0	0	0	0
3257	98304	0	0	0	0	0
3258	98304	0	0	0	0	0
3259	98304	1024	1024	2048	1024	0
3260	98304	0	0	0	0	0
3261	98304	0	0	0	0	0
3262	98304	0	0	0	0	0
3263	98304	0	0	0	0	0
3264	98304	0	0	0	0	0
3265	98304	3072	3072	6144	3072	0
3266	98304	0	0	0	0	0
3267	98304	0	0	0	0	0
3268	98304	0	0	0	0	0
3269	98304	0	0	0	0	0
3270	98304	1024	1024	2048	1024	0
3271	98304	0	0	0	0	0
3272	98304	0	0	0	0	0
3273	98304	0	0	0	0	0
3274	98304	0	0	0	0	0
3275	98304	0	0	0	0	0
3276	98304	2048	2048	4096	2048	0
3277	98304	0	0	0	0	0
3278	98304	0	0	0	0	0
3279	98304	0	0	0	0	0
3280	98304	0	0	0	0	0
3281	98304	0	0	0	0	0
3282	98304	1024	1024	2048	1024	0
3283	98304	0	0	0	0	0
3284	98304	0	0	0	0	0
3285	98304	0	0	0	0	0
3286	98304	0	0	0	0	0
3287	98304	0	0	0	0	0
3288	98304	0	0	0	0	0
3289	98304	3072	3072	6144	3072	0
3290	98304	0	0	0	0	0
3291	98304	0	0	0	0	0
3292	98304	0	0	0	0	0
3293	98304	0	0	0	0	0
3294	98304	0	0	0	0	0
3295	98304	1024	1024	2048	1024	0
3296	98304	0	0	0	0	0
3297	98304	0	0	0	0	0
3298	98304	0	0	0	0	0
3299	98304	0	0	0	0	0
3300	98304	2048	2048	4096	2048	0
3301	98304	0	0	0	0	0
3302	98304	0	0	0	0	0
3303	98304	0	0	0	0	0
3304	98304	0	0	0	0	0
3305	98304	0	0	0	0	0
3306	98304	1024	1024	2048	1024	0
3307	98304	0	0	0	0	0
3308	98304	0	0	0	0	0
3309	98304	0	0	0	0	0
3310	98304	0	0	0	0	0
3311	98304	0	0	0	0	0
3312	98304	3072	3072	6144	3072	0
3313	98304	0	0	0	0	0
3314	98304	0	0	0	0	0
3315	98304	0	0	0	0	0
3316	98304	0	0	0	0	0
3317	98304	0	0	0	0	0
3318	98304	0	0	0	0	0
3319	98304	1024	1024	2048	1024	0
3320	98304	0	0	0	0	0
3321	98304	0	0	0	0	0
3322	98304	0	0	0	0	0
3323	98304	0	0	0	0	0
3324	98304	0	0	0	0	0
3325	98304	2048	2048	4096	2048	0
3326	98304	0	0	0	0	0
3327	98304	0	0	0	0	0
3328	98304	0	0	0	0	0
3329	98304	0	0	0	0	0
3330	98304	1024	1024	2048	1024	0
3331	98304	0	0	0	0	0
3332	98304	0	0	0	0	0
3333	98304	0	0	0	0	0
3334	98304	0	0	0	0	0
3335	98304	0	0	0	0	0
3336	98304	3072	3072	6144	3072	0
3337	98304	0	0	0	0	0
3338	98304	0	0	0	0	0
3339	98304	0	0	0	0	0
3340	98304	0	0	0	0	0
3341	98304	0	0	0	0	0
3342	98304	1024	1024	2048	1024	0
3343	98304	0	0	0	0	0
3344	98304	0	0	0	0	0
3345	98304	0	0	0	0	0
3346	98304	0	0	0	0	0
3347	98304	0	0	0	0	0
3348	98304	0	0	0	0	0
3349	98304	2048	2048	4096	2048	0
3350	98304	0	0	0	0	0
3351	98304	0	0	0	0	0
3352	98304	0	0	0	0	0
3353	98304	0	0	0	0	0
3354	98304	0	0	0	0	0
3355	98304	1024	1024	2048	1024	0
3356	98304	0	0	0	0	0
3357	98304	0	0	0	0	0
3358	98304	0	0	0	0	0
3359	98304	0	0	0	0	0
3360	98304	3072	3072	6144	3072	0
3361	98304	0	0	0	0	0
3362	98304	0	0	0	0	0
3363	98304	0	0	0	0	0
3364	98304	0	0	0	0	0
3365	98304	0	0	0	0	0
3366	98304	1024	1024	2048	1024	0
3367	98304	0	0	0	0	0
3368	98304	0	0	0	0	0
3369	98304	0	0	0	0	0
3370	98304	0	0	0	0	0
3371	98304	0	0	0	0	0
3372	98304	2048	2048	4096	2048	0
3373	98304	0	0	0	0	0
3374	98304	0	0	0	0	0
3375	98304	0	0	0	0	0
3376	98304	0	0	0	0	0
3377	98304	0	0	0	0	0
3378	98304	0	0	0	0	0
3379	98304	1024	1024	2048	1024	0
3380	98304	0	0	0	0	0
3381	98304	0	0	0	0	0
3382	98304	0	0	0	0	0
3383	98304	0	0	0	0	0
3384	98304	0	0	0	0	0
3385	98304	3072	3072	6144	3072	0
3386	98304	0	0	0	0	0
3387	98304	0	0	0	0	0
3388	98304	0	0	0	0	0
3389	98304	0	0	0	0	0
3390	98304	1024	1024	2048	1024	0
3391	98304	0	0	0	0	0
3392	98304	0	0	0	0	0
3393	98304	0	0	0	0	0
3394	98304	0	0	0	0	0
3395	98304	0	0	0	0	0
3396	98304	2048	2048	4096	2048	0
3397	98304	0	0	0	0	0
3398	98304	0	0	0	0	0
3399	98304	0	0	0	0	0
3400	98304	0	0	0	0	0
3401	98304	0	0	0	0	0
3402	98304	1024	1024	2048	1024	0
3403	98304	0	0	0	0	0
3404	98304	0	0	0	0	0
3405	98304	0	0	0	0	0
3406	98304	0	0	0	0	0
3407	98304	0	0	0	0	0
3408	98304	0	0	0	0	0
3409	98304	3072	3072	6144	3072	0
3410	98304	0	0	0	0	0
3411	98304	0	0	0	0	0
3412	98304	0	0	0	0	0
3413	98304	0	0	0	0	0
3414	98304	0	0	0	0	0
3415	98304	1024	1024	2048	1024	0
3416	98304	0	0	0	0	0
3417	98304	0	0	0	0	0
3418	98304	0	0	0	0	0
3419	98304	0	0	0	0	0
3420	98304	2048	2048	4096	2048	0
3421	98304	0	0	0	0	0
3422	98304	0	0	0	0	0
3423	98304	0	0	0	0	0
3424	98304	0	0	0	0	0
3425	98304	0	0	0	0	0
3426	98304	1024	1024	2048	1024	0
3427	98304	0	0	0	0	0
3428	98304	0	0	0	0	0
3429	98304	0	0	0	0	0
3430	98304	0	0	0	0	0
3431	98304	0	0	0	0	0
3432	98304	3072	3072	6144	3072	0
3433	98304	0	0	0	0	0
3434	98304	0	0	0	0	0
3435	98304	0	0	0	0	0
3436	98304	0	0	0	0	0
3437	98304	0	0	0	0	0
3438	98304	0	0	0	0	0
3439	98304	1024	1024	2048	1024	0
3440	98304	0	0	0	0	0
3441	98304	0	0	0	0	0
3442	98304	0	0	0	0	0
3443	98304	0	0	0	0	0
3444	98304	0	0	0	0	0
3445	98304	2048	2048	4096	2048	0
3446	98304	0	0	0	0	0
3447	98304	0	0	0	0	0
3448	98304	0	0	0	0	0
3449	98304	0	0	0	0	0
3450	98304	1024	1024	2048	1024	0
3451	98304	0	0	0	0	0
3452	98304	0	0	0	0	0
3453	98304	0	0	0	0	0
3454	98304	0	0	0	0	0
3455	98304	0	0	0	0	0
3456	98304	3072	3072	6144	3072	0
3457	98304	0	0	0	0	0
3458	98304	0	0	0	0	0
3459	98304	0	0	0	0	0
3460	98304	0	0	0	0	0
3461	98304	0	0	0	0	0
3462	98304	1024	1024	2048	1024	0
3463	98304	0	0	0	0	0
3464	98304	0	0	0	0	0
3465	98304	0	0	0	0	0
3466	98304	0	0	0	0	0
3467	98304	0	0	0	0	0
3468	98304	0	0	0	0	0
3469	98304	2048	2048	4096	2048	0
3470	98304	0	0	0	0	0
3471	98304	0	0	0	0	0
3472	98304	0	0	0	0	0
3473	98304	0	0	0	0	0
3474	98304	0	0	0	0	0
3475	98304	1024	1024	2048	1024	0
3476	98304	0	0	0	0	0
3477	98304	0	0	0	0	0
3478	98304	0	0	0	0	0
3479	98304	0	0	0	0	0
3480	98304	3072	3072	6144	3072	0
3481	98304	0	0	0	0	0
3482	98304	0	0	0	0	0
3483	98304	0	0	0	0	0
3484	98304	0	0	0	0	0
3485	98304	0	0	0	0	0
3486	98304	1024	1024	2048	1024	0
3487	98304	0	0	0	0	0
3488	98304	0	0	0	0	0
3489	98304	0	0	0	0	0
3490	98304	0	0	0	0	0
3491	98304	0	0	0	0	0
3492	98304	2048	2048	4096	2048	0
3493	98304	0	0	0	0	0
3494	98304	0	0	0	0	0
3495	98304	0	0	0	0	0
3496	98304	0	0	0	0	0
3497	98304	0	0	0	0	0
3498	98304	0	0	0	0	0
3499	98304	1024	1024	2048	1024	0
3500	98304	0	0	0	0	0
3501	98304	0	0	0	0	0
3502	98304	0	0	0	0	0
3503	98304	0	0	0	0	0
3504	98304	0	0	0	0	0
3505	98304	3072	3072	6144	3072	0
3506	98304	0	0	0	0	0
3507	98304	0	0	0	0	0
3508	98304	0	0	0	0	0
3509	98304	0	0	0	0	0
3510	98304	0	0	0	0	0
3511	98304	1024	1024	2048	1024	0
3512	98304	0	0	0	0	0
3513	98304	0	0	0	0	0
3514	98304	0	0	0	0	0
3515	98304	0	0	0	0	0
3516	98304	2048	2048	4096	2048	0
3517	98304	0	0	0	0	0
3518	98304	0	0	0	0	0
3519	98304	0	0	0	0	0
3520	98304	0	0	0	0	0
3521	98304	0	0	0	0	0
3522	98304	1024	1024	2048	1024	0
3523	98304	0	0	0	0	0
3524	98304	0	0	0	0	0
3525	98304	0	0	0	0	0
3526	98304	0	0	0	0	0
3527	98304	0	0	0	0	0
3528	98304	0	0	0	0	0
3529	98304	3072	3072	6144	3072	0
3530	98304	0	0	0	0	0
3531	98304	0	0	0	0	0
3532	98304	0	0	0	0	0
3533	98304	0	0	0	0	0
3534	98304	0	0	0	0	0
3535	98304	1024	1024	2048	1024	0
3536	98304	0	0	0	0	0
3537	98304	0	0	0	0	0
3538	98304	0	0	0	0	0
3539	98304	0	0	0	0	0
3540	98304	0	0	0	0	0
3541	98304	2048	2048	4096	2048	0
3542	98304	0	0	0	0	0
3543	98304	0	0	0	0	0
3544	98304	0	0	0	0	0
3545	98304	0	0	0	0	0
3546	98304	1024	1024	2048	1024	0
3547	98304	0	0	0	0	0
3548	98304	0	0	0	0	0
3549	98304	0	0	0	0	0
3550	98304	0	0	0	0	0
3551	98304	0	0	0	0	0
3552	98304	3072	3072	6144	3072	0
3553	98304	0	0	0	0	0
3554	98304	0	0	0	0	0
3555	98304	0	0	0	0	0
3556	98304	0	0	0	0	0
3557	98304	0	0	0	0	0
3558	98304	0	0	0	0	0
3559	98304	1024	1024	2048	1024	0
3560	98304	0	0	0	0	0
3561	98304	0	0	0	0	0
3562	98304	0	0	0	0	0
3563	98304	0	0	0	0	0
3564	98304	0	0	0	0	0
3565	98304	2048	2048	4096	2048	0
3566	98304	0	0	0	0	0
3567	98304	0	0	0	0	0
3568	98304	0	0	0	0	0
3569	98304	0	0	0	0	0
3570	98304	0	0	0	0	0
3571	98304	1024	1024	2048	1024	0
3572	98304	0	0	0	0	0
3573	98304	0	0	0	0	0
3574	98304	0	0	0	0	0
3575	98304	0	0	0	0	0
3576	98304	3072	3072	6144	3072	0
3577	98304	0	0	0	0	0
3578	98304	0	0	0	0	0
3579	98304	0	0	0	0	0
3580	98304	0	0	0	0	0
3581	98304	0	0	0	0	0
3582	98304	1024	1024	2048	1024	0
3583	98304	0	0	0	0	0
3584	98304	0	0	0	0	0
3585	98304	0	0	0	0	0
3586	98304	0	0	0	0	0
3587	98304	0	0	0	0	0
3588	98304	0	0	0	0	0
3589	98304	2048	2048	4096	2048	0
3590	98304	0	0	0	0	0
3591	98304	0	0	0	0	0
3592	98304	0	0	0	0	0
3593	98304	0	0	0	0	0
3594	98304	0	0	0	0	0
3595	98304	1024	1024	2048	1024	0
3596	98304	0	0	0	0	0
3597	98304	0	0	0	0	0
3598	98304	0	0	0	0	0
3599	98304	0	0	0	0	0
